,IPO year,country,market capital,name,subsector,symbol
0,n/a,UnitedStates,$153.7M,AcaciaResearchCorporation,Multi-SectorCompanies,ACTG
1,n/a,UnitedStates,$2.9B,"AcadiaHealthcareCompany,Inc.",MedicalSpecialities,ACHC
2,1985,UnitedStates,$3.58B,ACADIAPharmaceuticalsInc.,MajorPharmaceuticals,ACAD
3,n/a,UnitedStates,$2.25B,AcadiaRealtyTrust,RealEstateInvestmentTrusts,AKR
4,2019,UnitedStates,$372.42M,AcamarPartnersAcquisitionCorp.,BusinessServices,ACAM
5,2019,UnitedStates,n/a,AcamarPartnersAcquisitionCorp.,BusinessServices,ACAMU
6,2019,UnitedStates,n/a,AcamarPartnersAcquisitionCorp.,BusinessServices,ACAMW
7,n/a,Canada,$67.96M,"AcastiPharma,Inc.",MajorPharmaceuticals,ACST
8,n/a,UnitedStates,$1.02B,"AccelerateDiagnostics,Inc.",Biotechnology:LaboratoryAnalyticalInstruments,AXDX
9,2013,UnitedStates,$2.14B,AcceleronPharmaInc.,Biotechnology:BiologicalProducts(NoDiagnosticSubstances),XLRN
10,2001,Ireland,$114.06B,Accentureplc,BusinessServices,ACN
11,n/a,UnitedStates,$767.71M,AccoBrandsCorporation,Publishing,ACCO
12,2007,UnitedStates,$327.45M,AccurayIncorporated,Medical/DentalInstruments,ARAY
13,2011,UnitedStates,$209.91M,"AcelRxPharmaceuticals,Inc.",MajorPharmaceuticals,ACRX
14,n/a,UnitedStates,$176.23M,AcerTherapeuticsInc.,MajorPharmaceuticals,ACER
15,n/a,UnitedStates,$29.04M,"AchieveLifeSciences,Inc.",Biotechnology:InVitro&InVivoDiagnosticSubstances,ACHV
16,2006,UnitedStates,$396.75M,"AchillionPharmaceuticals,Inc.",MajorPharmaceuticals,ACHN
17,n/a,UnitedStates,$3.55B,"ACIWorldwide,Inc.",ComputerSoftware:PrepackagedSoftware,ACIW
18,2015,UnitedStates,$201M,"AclarisTherapeutics,Inc.",MajorPharmaceuticals,ACRS
19,2017,UnitedStates,$304.94M,"ACMResearch,Inc.",IndustrialMachinery/Components,ACMR
20,1988,UnitedStates,$63.36M,AcmeUnitedCorporation.,IndustrialMachinery/Components,ACU
21,n/a,UnitedStates,$258.23M,ACNBCorporation,MajorBanks,ACNB
22,2006,UnitedStates,$451.17M,"AcordaTherapeutics,Inc.",Biotechnology:BiologicalProducts(NoDiagnosticSubstances),ACOR
23,2007,China,$68.81M,"AcornInternational,Inc.",OtherSpecialtyStores,ATV
24,2019,UnitedStates,$291M,ActIIGlobalAcquisitionCorp.,BusinessServices,ACTT
25,2019,UnitedStates,n/a,ActIIGlobalAcquisitionCorp.,BusinessServices,ACTTU
26,2019,UnitedStates,$15.23M,ActIIGlobalAcquisitionCorp.,BusinessServices,ACTTW
27,n/a,UnitedStates,$48.42M,"ActiniumPharmaceuticals,Inc.",MajorPharmaceuticals,ATNM
28,n/a,UnitedStates,$33.37B,"ActivisionBlizzard,Inc",ComputerSoftware:PrepackagedSoftware,ATVI
29,n/a,UnitedStates,$1.39B,ActuantCorporation,IndustrialMachinery/Components,ATU
30,n/a,UnitedStates,$5.31B,"AcuityBrands,Inc.",BuildingProducts,AYI
31,2016,UnitedStates,$1.82B,AcushnetHoldingsCorp.,RecreationalProducts/Toys,GOLF
32,2014,UnitedStates,$126.93M,"AdamasPharmaceuticals,Inc.",MajorPharmaceuticals,ADMS
33,n/a,UnitedStates,$71.16M,AdamisPharmaceuticalsCorporation,MajorPharmaceuticals,ADMP
34,n/a,UnitedStates,$1.56B,"AdamsDiversifiedEquityFund,Inc.",n/a,ADX
35,n/a,UnitedStates,$455.12M,"AdamsNaturalResourcesFund,Inc.",n/a,PEO
36,n/a,UnitedStates,$145.52M,"AdamsResources&Energy,Inc.",OilRefining/Marketing,AE
37,2015,UnitedKingdom,$356.07M,AdaptimmuneTherapeuticsplc,Biotechnology:BiologicalProducts(NoDiagnosticSubstances),ADAP
38,2009,UnitedStates,$913.16M,AddusHomeCareCorporation,Medical/NursingServices,ADUS
39,n/a,UnitedStates,$14.51M,"ADDvantageTechnologiesGroup,Inc.",OfficeEquipment/Supplies/Services,AEY
40,2011,Luxembourg,$784.42M,AdecoagroS.A.,Farming/Seeds/Milling,AGRO
41,2015,UnitedStates,$229.44M,AdestoTechnologiesCorporation,Semiconductors,IOTS
42,2018,UnitedStates,$21.36M,"AdialPharmaceuticals,Inc",MajorPharmaceuticals,ADIL
43,2018,UnitedStates,n/a,"AdialPharmaceuticals,Inc",MajorPharmaceuticals,ADILW
44,2016,n/a,$1.68B,Adientplc,AutoParts:O.E.M.,ADNT
45,n/a,UnitedStates,$259.81M,ADMABiologicsInc,Biotechnology:BiologicalProducts(NoDiagnosticSubstances),ADMA
46,1986,UnitedStates,$133.95B,AdobeInc.,ComputerSoftware:PrepackagedSoftware,ADBE
47,2017,UnitedStates,$23.95M,"ADOMANI,Inc.",AutoParts:O.E.M.,ADOM
48,2018,UnitedStates,$4.63B,ADTInc.,DiversifiedCommercialServices,ADT
49,n/a,UnitedStates,$2.49B,AdtalemGlobalEducationInc.,OtherConsumerServices,ATGE
50,1994,UnitedStates,$766.38M,"ADTRAN,Inc.",TelecommunicationsEquipment,ADTN
51,2015,UnitedStates,$248.13M,"AduroBiotech,Inc.",MajorPharmaceuticals,ADRO
52,n/a,UnitedStates,$11.43B,AdvanceAutoPartsInc,OtherSpecialtyStores,AAP
53,2016,UnitedStates,$2.85B,"AdvancedDisposalServices,Inc.",EnvironmentalServices,ADSW
54,2014,UnitedStates,$1.68B,"AdvancedDrainageSystems,Inc.",Containers/Packaging,WMS
55,n/a,UnitedStates,$221.74M,"AdvancedEmissionsSolutions,Inc.",MajorChemicals,ADES
56,1995,UnitedStates,$1.95B,"AdvancedEnergyIndustries,Inc.",IndustrialMachinery/Components,AEIS
57,n/a,UnitedStates,$30.32B,"AdvancedMicroDevices,Inc.",Semiconductors,AMD
58,2016,UnitedStates,$714.48M,AdvanSixInc.,MajorChemicals,ASIX
59,n/a,UnitedStates,$21.38M,"Advaxis,Inc.",MajorPharmaceuticals,ADXS
60,2003,UnitedStates,$496.82M,AdventClaymoreConvertibleSecuritiesandIncomeFund,n/a,AVK
61,2014,UnitedStates,$640.69M,"AdverumBiotechnologies,Inc.",Biotechnology:BiologicalProducts(NoDiagnosticSubstances),ADVM
62,n/a,UnitedStates,$3.29M,AdvisorSharesDorseyWrightMicro-CapETF,n/a,DWMC
63,n/a,UnitedStates,$17.62M,AdvisorSharesDorseyWrightShortETF,n/a,DWSH
64,n/a,UnitedStates,$2.6M,AdvisorSharesSabretoothETF,n/a,BKCH
65,n/a,UnitedStates,$12.74M,AdvisorSharesViceETF,n/a,ACT
66,n/a,UnitedStates,$35.61M,"Adynxx,Inc.",Medical/DentalInstruments,ADYX
67,2007,UnitedStates,$4.95B,AECOM,Military/Government/Technical,ACM
68,n/a,UnitedStates,$453.21M,AegionCorp,WaterSupply,AEGN
69,2016,UnitedStates,$188.09M,"AegleaBioTherapeutics,Inc.",MajorPharmaceuticals,AGLE
70,n/a,Netherlands,n/a,AegonNV,LifeInsurance,AEB
71,n/a,Netherlands,n/a,AegonNV,n/a,AED.CL
72,n/a,Netherlands,$9.44B,AegonNV,LifeInsurance,AEG
73,n/a,Netherlands,n/a,AegonNV,LifeInsurance,AEH
74,1997,UnitedStates,$39.71M,AehrTestSystems,ElectricalProducts,AEHR
75,n/a,UnitedStates,$22.21M,"Aemetis,Inc",MajorChemicals,AMTX
76,2006,Netherlands,$6.4B,AercapHoldingsN.V.,DiversifiedCommercialServices,AER
77,2013,UnitedStates,$1.75B,"AeriePharmaceuticals,Inc.",Biotechnology:BiologicalProducts(NoDiagnosticSubstances),AERI
78,n/a,UnitedStates,$12.6M,AeroCenturyCorp.,DiversifiedCommercialServices,ACY
79,2014,n/a,$194.36M,"AerohiveNetworks,Inc.",EDPServices,HIVE
80,n/a,UnitedStates,$2.97B,"AerojetRocketdyneHoldings,Inc.",Military/Government/Technical,AJRD
81,2007,UnitedStates,$1.59B,"AeroVironment,Inc.",Aerospace,AVAV
82,n/a,UnitedStates,$43.84M,"AerpioPharmaceuticals,Inc.",MajorPharmaceuticals,ARPO
83,n/a,Canada,$47.98M,AEternaZentarisInc.,MajorPharmaceuticals,AEZS
84,n/a,UnitedStates,$6.83M,"AethlonMedical,Inc.",Biotechnology:LaboratoryAnalyticalInstruments,AEMD
85,n/a,UnitedStates,$12.49M,"AeviGenomicMedicine,Inc.",Biotechnology:BiologicalProducts(NoDiagnosticSubstances),GNMX
86,n/a,UnitedStates,$4.41B,"AffiliatedManagersGroup,Inc.",InvestmentManagers,AMG
87,2019,UnitedStates,n/a,"AffiliatedManagersGroup,Inc.",InvestmentManagers,MGR
88,2014,Germany,$186.67M,AffimedN.V.,MajorPharmaceuticals,AFMD
89,n/a,UnitedStates,$38.44B,AflacIncorporated,Accident&HealthInsurance,AFL
90,2011,UnitedStates,$509.29M,"AGMortgageInvestmentTrust,Inc.",n/a,MITT
91,n/a,UnitedStates,n/a,"AGMortgageInvestmentTrust,Inc.",n/a,MITT^A
92,n/a,UnitedStates,n/a,"AGMortgageInvestmentTrust,Inc.",n/a,MITT^B
93,2019,HongKong,$42.1M,AGBAAcquisitionLimited,BusinessServices,AGBAU
94,n/a,UnitedStates,$5.18B,AGCOCorporation,IndustrialMachinery/Components,AGCO
95,n/a,UnitedStates,$4.92M,"AgEagleAerialSystems,Inc.",Aerospace,UAVS
96,2000,UnitedStates,$353.1M,AgenusInc.,Biotechnology:BiologicalProducts(NoDiagnosticSubstances),AGEN
97,2018,n/a,$115.15M,"AgeXTherapeutics,Inc.",MajorPharmaceuticals,AGE
98,2014,UnitedStates,$55.12M,"AgileTherapeutics,Inc.",MajorPharmaceuticals,AGRX
99,1999,UnitedStates,$21.2B,"AgilentTechnologies,Inc.",Biotechnology:LaboratoryAnalyticalInstruments,A
100,n/a,UnitedStates,$519.94M,"Agilysys,Inc.",EDPServices,AGYS
101,2013,UnitedStates,$2.78B,"AgiosPharmaceuticals,Inc.",MajorPharmaceuticals,AGIO
102,2018,HongKong,$500.9M,AGMGroupHoldingsInc.,EDPServices,AGMH
103,2008,UnitedStates,$8.86B,AGNCInvestmentCorp.,RealEstateInvestmentTrusts,AGNC
104,n/a,UnitedStates,$8.95B,AGNCInvestmentCorp.,RealEstateInvestmentTrusts,AGNCB
105,n/a,UnitedStates,n/a,AGNCInvestmentCorp.,RealEstateInvestmentTrusts,AGNCM
106,n/a,UnitedStates,$337480,AGNCInvestmentCorp.,RealEstateInvestmentTrusts,AGNCN
107,n/a,Canada,$9.86B,AgnicoEagleMinesLimited,PreciousMetals,AEM
108,n/a,UnitedStates,$2.55B,AgreeRealtyCorporation,RealEstateInvestmentTrusts,ADC
109,2014,UnitedStates,$126.57M,"AgroFreshSolutions,Inc.",BusinessServices,AGFS
110,2014,UnitedStates,n/a,"AgroFreshSolutions,Inc.",BusinessServices,AGFSW
111,2017,UnitedStates,$26.69M,"AileronTherapeutics,Inc.",MajorPharmaceuticals,ALRN
112,2015,UnitedStates,$1.24B,"AimmuneTherapeutics,Inc.",MajorPharmaceuticals,AIMT
113,n/a,UnitedStates,$31.23M,AirIndustriesGroup,Military/Government/Technical,AIRI
114,2011,UnitedStates,$4.08B,AirLeaseCorporation,DiversifiedCommercialServices,AL
115,n/a,UnitedStates,n/a,AirLeaseCorporation,n/a,AL^A
116,n/a,UnitedStates,$44.96B,"AirProductsandChemicals,Inc.",MajorChemicals,APD
117,n/a,UnitedStates,$54.84M,"AirT,Inc.",AirFreight/DeliveryServices,AIRT
118,n/a,UnitedStates,$1.36B,"AirTransportServicesGroup,Inc",AirFreight/DeliveryServices,ATSG
119,2006,UnitedStates,$1.5B,AircastleLimited,DiversifiedCommercialServices,AYR
120,2016,UnitedStates,$134.12M,"Airgain,Inc.",RadioAndTelevisionBroadcastingAndCommunicationsEquipment,AIRG
121,2007,China,$21.24M,AirMediaGroupInc.,Advertising,AMCN
122,n/a,UnitedStates,$46.34M,"AITTherapeutics,Inc.",Medical/DentalInstruments,AITB
123,n/a,UnitedStates,$550.38M,AKSteelHoldingCorporation,Steel/IronOre,AKS
124,1999,UnitedStates,$12.59B,"AkamaiTechnologies,Inc.",BusinessServices,AKAM
125,n/a,UnitedStates,$31.4M,AkariTherapeuticsPlc,MajorPharmaceuticals,AKTX
126,2017,UnitedStates,$2.01B,"AkceaTherapeutics,Inc.",MajorPharmaceuticals,AKCA
127,2014,UnitedStates,$568.1M,"AkebiaTherapeutics,Inc.",MajorPharmaceuticals,AKBA
128,2014,UnitedStates,$7.56M,AkersBiosciencesInc.,Biotechnology:InVitro&InVivoDiagnosticSubstances,AKER
129,n/a,UnitedStates,$489.56M,"Akorn,Inc.",MajorPharmaceuticals,AKRX
130,n/a,UnitedStates,$217.01M,"AkoustisTechnologies,Inc.",TelecommunicationsEquipment,AKTS
131,n/a,UnitedStates,n/a,AlabamaPowerCompany,n/a,ALP^Q
132,n/a,UnitedStates,$1.14B,"AlamoGroup,Inc.",IndustrialMachinery/Components,ALG
133,2015,Canada,$1.8B,AlamosGoldInc.,PreciousMetals,AGI
134,2015,UnitedStates,$2.88B,"Alarm.comHoldings,Inc.",ComputerSoftware:PrepackagedSoftware,ALRM
135,n/a,UnitedStates,$7.26B,"AlaskaAirGroup,Inc.",AirFreight/DeliveryServices,ALK
136,1999,UnitedStates,$88.74M,"AlaskaCommunicationsSystemsGroup,Inc.",TelecommunicationsEquipment,ALSK
137,n/a,UnitedStates,$2.25B,AlbanyInternationalCorporation,Textiles,AIN
138,n/a,UnitedStates,$6.95B,AlbemarleCorporation,MajorChemicals,ALB
139,2018,HongKong,$147.49M,AlbertonAcquisitionCorporation,BusinessServices,ALAC
140,2018,HongKong,n/a,AlbertonAcquisitionCorporation,BusinessServices,ALACR
141,2018,HongKong,n/a,AlbertonAcquisitionCorporation,BusinessServices,ALACU
142,2018,HongKong,n/a,AlbertonAcquisitionCorporation,BusinessServices,ALACW
143,n/a,UnitedStates,$396.09M,"AlbireoPharma,Inc.",MajorPharmaceuticals,ALBO
144,n/a,UnitedStates,$107.25M,AlcentraCapitalCorp.,n/a,ABDC
145,2016,n/a,$4.01B,AlcoaCorporation,Aluminum,AA
146,2019,Switzerland,$28.65B,AlconInc.,OphthalmicGoods,ALC
147,2014,UnitedStates,$913.22M,"AlderBioPharmaceuticals,Inc.",MajorPharmaceuticals,ALDR
148,2014,UnitedStates,$192.16M,"AldeyraTherapeutics,Inc.",MajorPharmaceuticals,ALDX
149,2019,UnitedStates,$1.19B,"Alector,Inc.",Biotechnology:BiologicalProducts(NoDiagnosticSubstances),ALEC
150,n/a,UnitedStates,$1.65B,"Alexander&Baldwin,Inc.",RealEstateInvestmentTrusts,ALEX
151,n/a,UnitedStates,$1.9B,"Alexander's,Inc.",RealEstateInvestmentTrusts,ALX
152,n/a,UnitedStates,$16.44B,"AlexandriaRealEstateEquities,Inc.",RealEstateInvestmentTrusts,ARE
153,n/a,UnitedStates,n/a,"AlexandriaRealEstateEquities,Inc.",n/a,ARE^D
154,n/a,Canada,$108.65M,AlexcoResourceCorp,PreciousMetals,AXU
155,1996,UnitedStates,$27.02B,"AlexionPharmaceuticals,Inc.",MajorPharmaceuticals,ALXN
156,2016,n/a,$5.73B,AlgonquinPower&UtilitiesCorp.,ElectricUtilities:Central,AQN
157,2018,n/a,n/a,AlgonquinPower&UtilitiesCorp.,ElectricUtilities:Central,AQNA
158,2019,n/a,n/a,AlgonquinPower&UtilitiesCorp.,ElectricUtilities:Central,AQNB
159,2014,China,$391.6B,AlibabaGroupHoldingLimited,BusinessServices,BABA
160,n/a,UnitedStates,$193.47M,"Alico,Inc.",Farming/Seeds/Milling,ALCO
161,2001,UnitedStates,$23.74B,"AlignTechnology,Inc.",IndustrialSpecialties,ALGN
162,2010,UnitedStates,$63.9M,"AlimeraSciences,Inc.",MajorPharmaceuticals,ALIM
163,2011,Canada,$44.99M,AlioGoldInc.,PreciousMetals,ALO
164,n/a,Canada,$145M,AlithyaGroupinc.,"ComputerSoftware:Programming,DataProcessing",ALYA
165,n/a,UnitedStates,$54.76M,"ALJRegionalHoldings,Inc.",BusinessServices,ALJJ
166,1991,Ireland,$3.46B,Alkermesplc,MajorPharmaceuticals,ALKS
167,2018,UnitedStates,$1.71B,AllakosInc.,MajorPharmaceuticals,ALLK
168,n/a,UnitedStates,$9.62B,AlleghanyCorporation,Property-CasualtyInsurers,Y
169,n/a,UnitedStates,$2.75B,AlleghenyTechnologiesIncorporated,Steel/IronOre,ATI
170,2015,UnitedStates,$711.1M,"AllegianceBancshares,Inc.",MajorBanks,ABTX
171,2006,UnitedStates,$2.32B,AllegiantTravelCompany,AirFreight/DeliveryServices,ALGT
172,2013,UnitedStates,$9.35B,Allegionplc,DiversifiedCommercialServices,ALLE
173,2018,UnitedStates,$191.14M,AllegroMergerCorp.,BusinessServices,ALGR
174,2018,UnitedStates,n/a,AllegroMergerCorp.,BusinessServices,ALGRR
175,2018,UnitedStates,n/a,AllegroMergerCorp.,BusinessServices,ALGRU
176,2018,UnitedStates,n/a,AllegroMergerCorp.,BusinessServices,ALGRW
177,2017,UnitedStates,$83.89M,"AllenaPharmaceuticals,Inc.",Biotechnology:BiologicalProducts(NoDiagnosticSubstances),ALNA
178,2013,UnitedStates,$40.13B,Allerganplc.,MajorPharmaceuticals,AGN
179,n/a,UnitedStates,$4.17B,"Allete,Inc.",PowerGeneration,ALE
180,2001,UnitedStates,$7.37B,AllianceDataSystemsCorporation,BusinessServices,ADS
181,2002,UnitedStates,$379.43M,AllianceNationalMunicipalIncomeFundInc,n/a,AFB
182,1999,UnitedStates,$2.19B,"AllianceResourcePartners,L.P.",CoalMining,ARLP
183,1993,UnitedStates,$1.01B,AllianceWorldDollarGovernmentFundII,n/a,AWF
184,n/a,UnitedStates,$2.64B,AllianceBernsteinHoldingL.P.,InvestmentManagers,AB
185,n/a,UnitedStates,$11.13B,AlliantEnergyCorporation,PowerGeneration,LNT
186,2017,UnitedStates,$164.5M,AllianzGIConvertible&Income2024TargetTermFund,n/a,CBH
187,2003,UnitedStates,$496.46M,AllianzGIConvertible&IncomeFund,n/a,NCV
188,n/a,UnitedStates,n/a,AllianzGIConvertible&IncomeFund,n/a,NCV^A
189,2003,UnitedStates,$372.01M,AllianzGIConvertible&IncomeFundII,n/a,NCZ
190,n/a,UnitedStates,n/a,AllianzGIConvertible&IncomeFundII,n/a,NCZ^A
191,2015,UnitedStates,$233.31M,AllianzGIDiversifiedIncome&ConvertibleFund,n/a,ACV
192,2007,UnitedStates,$579.95M,AllianzGIEquity&ConvertibleIncomeFund,n/a,NIE
193,2005,UnitedStates,$1.13B,"AllianzGINFJDividend,Interest&PremiumStrategyFund",Finance:ConsumerServices,NFJ
194,1992,UnitedStates,$7.55M,"AlliedHealthcareProducts,Inc.",IndustrialSpecialties,AHPI
195,n/a,UnitedStates,$317.03M,"AlliedMotionTechnologies,Inc.",ElectricalProducts,AMOT
196,2012,UnitedStates,$5.09B,"AllisonTransmissionHoldings,Inc.",AutoParts:O.E.M.,ALSN
197,2018,UnitedStates,$3.27B,"AllogeneTherapeutics,Inc.",Biotechnology:BiologicalProducts(NoDiagnosticSubstances),ALLO
198,2006,Israel,$236.9M,AllotLtd.,ComputerCommunicationsEquipment,ALLT
199,n/a,UnitedStates,$1.68B,"AllscriptsHealthcareSolutions,Inc.",EDPServices,MDRX
200,n/a,UnitedStates,$31.94B,AllstateCorporation(The),Property-CasualtyInsurers,ALL
201,n/a,UnitedStates,n/a,AllstateCorporation(The),n/a,ALL^A
202,n/a,UnitedStates,n/a,AllstateCorporation(The),n/a,ALL^B
203,n/a,UnitedStates,n/a,AllstateCorporation(The),n/a,ALL^D
204,n/a,UnitedStates,n/a,AllstateCorporation(The),n/a,ALL^E
205,n/a,UnitedStates,n/a,AllstateCorporation(The),n/a,ALL^F
206,n/a,UnitedStates,n/a,AllstateCorporation(The),n/a,ALL^G
207,2014,UnitedStates,$11.59B,AllyFinancialInc.,MajorBanks,ALLY
208,n/a,UnitedStates,n/a,AllyFinancialInc.,n/a,ALLY^A
209,2015,Canada,$48.11M,"AlmadenMinerals,Ltd.",PreciousMetals,AAU
210,2004,UnitedStates,$7.32B,"AlnylamPharmaceuticals,Inc.",MajorPharmaceuticals,ALNY
211,2010,Bermuda,$213.04M,AlphaandOmegaSemiconductorLimited,Semiconductors,AOSL
212,n/a,Canada,$48.79M,"AlphaProTech,Ltd.",IndustrialSpecialties,APT
213,2004,UnitedStates,$776.13B,AlphabetInc.,"ComputerSoftware:Programming,DataProcessing",GOOG
214,n/a,UnitedStates,$778.53B,AlphabetInc.,"ComputerSoftware:Programming,DataProcessing",GOOGL
215,n/a,UnitedStates,$22.58M,AlphaMarkActivelyManagedSmallCapETF,n/a,SMCP
216,2006,UnitedStates,$185.09M,"AlphatecHoldings,Inc.",Medical/DentalInstruments,ATEC
217,2015,UnitedStates,$92.67M,"AlpineImmuneSciences,Inc.",MajorPharmaceuticals,ALPN
218,2017,UnitedStates,$53.13M,"AltaMesaResources,Inc.",Oil&GasProduction,AMR
219,2017,UnitedStates,n/a,"AltaMesaResources,Inc.",Oil&GasProduction,AMRWW
220,n/a,UnitedStates,$31.11B,AltabaInc.,EDPServices,AABA
221,2017,UnitedStates,$1.5B,AltairEngineeringInc.,ComputerSoftware:PrepackagedSoftware,ALTR
222,n/a,Australia,$18.94M,AlterityTherapeuticsLimited,MajorPharmaceuticals,ATHE
223,2017,UnitedStates,$5.5B,"Alteryx,Inc.",ComputerSoftware:PrepackagedSoftware,AYX
224,2017,UnitedStates,$16.22B,"AlticeUSA,Inc.",TelevisionServices,ATUS
225,n/a,UnitedStates,$32.69M,"Altimmune,Inc.",MajorPharmaceuticals,ALT
226,n/a,UnitedStates,$25.43M,AltisourceAssetManagementCorp,RealEstate,AAMC
227,n/a,Luxembourg,$332.74M,AltisourcePortfolioSolutionsS.A.,OtherConsumerServices,ASPS
228,2006,UnitedStates,$2.08B,AltraIndustrialMotionCorp.,IndustrialMachinery/Components,AIMC
229,n/a,UnitedStates,$93.94B,AltriaGroup,Farming/Seeds/Milling,MO
230,2017,UnitedStates,$1.56B,AltusMidstreamCompany,NaturalGasDistribution,ALTM
231,2001,China,$6.09B,AluminumCorporationofChinaLimited,Aluminum,ACH
232,n/a,UnitedStates,$327.2M,"AMAGPharmaceuticals,Inc.",MajorPharmaceuticals,AMAG
233,2018,UnitedStates,$532.17M,AmalgamatedBank,Textiles,AMAL
234,n/a,Ireland,$6.04B,AmarinCorporationplc,MajorPharmaceuticals,AMRN
235,n/a,UnitedStates,$89.62M,"A-MarkPreciousMetals,Inc.",OtherSpecialtyStores,AMRK
236,1997,UnitedStates,$894.23B,"Amazon.com,Inc.",Catalog/SpecialtyDistribution,AMZN
237,n/a,UnitedStates,$691.46M,"AmbacFinancialGroup,Inc.",Property-CasualtyInsurers,AMBC
238,n/a,UnitedStates,n/a,"AmbacFinancialGroup,Inc.",Property-CasualtyInsurers,AMBCW
239,2012,UnitedStates,$1.26B,"Ambarella,Inc.",Semiconductors,AMBA
240,2014,n/a,$368.85M,"AmberRoad,Inc.",ComputerSoftware:PrepackagedSoftware,AMBR
241,2013,n/a,$68.73B,AmbevS.A.,Beverages(Production/Distribution),ABEV
242,n/a,China,$100.84M,AmbowEducationHoldingLtd.,OtherConsumerServices,AMBO
243,2013,n/a,$1.25B,"AMCEntertainmentHoldings,Inc.",Movies/Entertainment,AMC
244,n/a,UnitedStates,$3.04B,AMCNetworksInc.,TelevisionServices,AMCX
245,2018,UnitedStates,$271.79M,AMCIAcquisitionCorp.,BusinessServices,AMCI
246,2018,UnitedStates,n/a,AMCIAcquisitionCorp.,BusinessServices,AMCIU
247,2018,UnitedStates,n/a,AMCIAcquisitionCorp.,BusinessServices,AMCIW
248,n/a,UnitedStates,$56.28M,AMCONDistributingCompany,FoodDistributors,DIT
249,n/a,Guernsey,$8.08B,AmdocsLimited,EDPServices,DOX
250,n/a,UnitedStates,$3.6B,AmedisysInc,Medical/NursingServices,AMED
251,n/a,UnitedStates,$7.42B,Amerco,Rental/LeasingCompanies,UHAL
252,n/a,UnitedStates,$17.91B,AmerenCorporation,PowerGeneration,AEE
253,2010,UnitedStates,$732.91M,"Ameresco,Inc.",Engineering&Construction,AMRC
254,n/a,UnitedStates,$15.47M,"AmeriHoldings,Inc.",Semiconductors,AMRH
255,n/a,UnitedStates,n/a,"AmeriHoldings,Inc.",Semiconductors,AMRHW
256,n/a,UnitedStates,$426M,"AmericaFirstMultifamilyInvestors,L.P.",Finance:ConsumerServices,ATAX
257,n/a,Mexico,$48.19B,"AmericaMovil,S.A.B.deC.V.",TelecommunicationsEquipment,AMOV
258,n/a,Mexico,$48.22B,"AmericaMovil,S.A.B.deC.V.",TelecommunicationsEquipment,AMX
259,n/a,UnitedStates,$12.53B,"AmericanAirlinesGroup,Inc.",AirFreight/DeliveryServices,AAL
260,2011,UnitedStates,$2.17B,"AmericanAssetsTrust,Inc.",RealEstateInvestmentTrusts,AAT
261,n/a,UnitedStates,$1.2B,"AmericanAxle&ManufacturingHoldings,Inc.",AutoParts:O.E.M.,AXL
262,2004,UnitedStates,$6.29B,AmericanCampusCommunitiesInc,RealEstateInvestmentTrusts,ACC
263,n/a,UnitedStates,$3.05B,"AmericanEagleOutfitters,Inc.",Clothing/Shoe/AccessoryStores,AEO
264,n/a,UnitedStates,$42.09B,"AmericanElectricPowerCompany,Inc.",ElectricUtilities:Central,AEP
265,n/a,UnitedStates,n/a,"AmericanElectricPowerCompany,Inc.",n/a,AEP^B
266,n/a,UnitedStates,$6.12M,"AmericanElectricTechnologies,Inc.",IndustrialMachinery/Components,AETI
267,2003,UnitedStates,$2.68B,AmericanEquityInvestmentLifeHoldingCompany,LifeInsurance,AEL
268,n/a,UnitedStates,$97.49B,AmericanExpressCompany,Finance:ConsumerServices,AXP
269,n/a,UnitedStates,$1.08B,"AmericanFinanceTrust,Inc.",RealEstateInvestmentTrusts,AFIN
270,n/a,UnitedStates,$30.24M,"AmericanFinanceTrust,Inc.",RealEstateInvestmentTrusts,AFINP
271,n/a,UnitedStates,$8.85B,"AmericanFinancialGroup,Inc.",Property-CasualtyInsurers,AFG
272,2019,UnitedStates,n/a,"AmericanFinancialGroup,Inc.",Property-CasualtyInsurers,AFGB
273,2014,UnitedStates,n/a,"AmericanFinancialGroup,Inc.",Property-CasualtyInsurers,AFGE
274,2015,UnitedStates,n/a,"AmericanFinancialGroup,Inc.",Property-CasualtyInsurers,AFGH
275,2013,n/a,$7.21B,AmericanHomes4Rent,RealEstateInvestmentTrusts,AMH
276,n/a,n/a,n/a,AmericanHomes4Rent,n/a,AMH^D
277,n/a,n/a,n/a,AmericanHomes4Rent,n/a,AMH^E
278,n/a,n/a,n/a,AmericanHomes4Rent,n/a,AMH^F
279,n/a,n/a,n/a,AmericanHomes4Rent,n/a,AMH^G
280,n/a,n/a,n/a,AmericanHomes4Rent,n/a,AMH^H
281,n/a,UnitedStates,$45.18B,"AmericanInternationalGroup,Inc.",Property-CasualtyInsurers,AIG
282,n/a,UnitedStates,n/a,"AmericanInternationalGroup,Inc.",n/a,AIG.WS
283,n/a,UnitedStates,n/a,"AmericanInternationalGroup,Inc.",n/a,AIG^A
284,2011,UnitedStates,$283.15M,"AmericanMidstreamPartners,LP",NaturalGasDistribution,AMID
285,n/a,UnitedStates,$391M,"AmericanNationalBankshares,Inc.",MajorBanks,AMNB
286,n/a,UnitedStates,$3.07B,AmericanNationalInsuranceCompany,LifeInsurance,ANAT
287,n/a,UnitedStates,$471.38M,AmericanOutdoorBrandsCorporation,OrdnanceAndAccessories,AOBC
288,2007,UnitedStates,$480.34M,"AmericanPublicEducation,Inc.",OtherConsumerServices,APEI
289,n/a,UnitedStates,$183.33M,"AmericanRealtyInvestors,Inc.",RealEstate,ARL
290,2016,UnitedStates,$203.23M,"AmericanRenalAssociatesHoldings,Inc",Hospital/NursingManagement,ARA
291,n/a,UnitedStates,$81.37M,AmericanResourcesCorporation,OtherConsumerServices,AREC
292,n/a,UnitedStates,$73.6M,AmericanRiverBankshares,MajorBanks,AMRB
293,n/a,UnitedStates,$16.46M,AmericanSharedHospitalServices,MedicalSpecialities,AMS
294,n/a,UnitedStates,$393.11M,"AmericanSoftware,Inc.",ComputerSoftware:PrepackagedSoftware,AMSWA
295,n/a,UnitedStates,$2.66B,AmericanStatesWaterCompany,WaterSupply,AWR
296,1991,UnitedStates,$223.82M,AmericanSuperconductorCorporation,MetalFabrications,AMSC
297,n/a,UnitedStates,$90.48B,AmericanTowerCorporation(REIT),RealEstateInvestmentTrusts,AMT
298,n/a,UnitedStates,$400.6M,AmericanVanguardCorporation,AgriculturalChemicals,AVD
299,2008,UnitedStates,$19.93B,AmericanWaterWorks,WaterSupply,AWK
300,1986,UnitedStates,$1.26B,AmericanWoodmarkCorporation,ForestProducts,AMWD
301,n/a,UnitedStates,$581.38M,"America'sCar-Mart,Inc.",AutomotiveAftermarket,CRMT
302,2017,n/a,$132.25M,AmericasSilverCorporation,PreciousMetals,USAS
303,2018,UnitedStates,$6.01B,AmericoldRealtyTrust,RealEstateInvestmentTrusts,COLD
304,n/a,UnitedStates,$3.12B,"AmeriGasPartners,L.P.",OtherSpecialtyStores,APU
305,n/a,UnitedStates,$19.2B,"AMERIPRISEFINANCIALSERVICES,INC.",InvestmentManagers,AMP
306,1994,UnitedStates,$1.7B,AmerisBancorp,MajorBanks,ABCB
307,2005,UnitedStates,$1.15B,"AMERISAFE,Inc.",Property-CasualtyInsurers,AMSF
308,n/a,UnitedStates,$73.66M,AmeriServFinancialInc.,MajorBanks,ASRV
309,n/a,UnitedStates,$611186.1,AmeriServFinancialInc.,MajorBanks,ASRVP
310,n/a,UnitedStates,$16.46B,AmerisourceBergenCorporation(HoldingCo),OtherPharmaceuticals,ABC
311,n/a,UnitedStates,$245.77M,AmesNationalCorporation,MajorBanks,ATLO
312,1983,UnitedStates,$103.1B,AmgenInc.,Biotechnology:BiologicalProducts(NoDiagnosticSubstances),AMGN
313,2007,UnitedStates,$2.53B,"AmicusTherapeutics,Inc.",MajorPharmaceuticals,FOLD
314,2012,UnitedArabEmirates,$40.2M,AmiraNatureFoodsLtd,PackagedFoods,ANFI
315,1998,UnitedStates,$1.6B,"AmkorTechnology,Inc.",Semiconductors,AMKR
316,n/a,UnitedStates,$2.29B,AMNHealthcareServicesInc,ProfessionalServices,AMN
317,2018,n/a,$2.33B,"AmnealPharmaceuticals,Inc.",MajorPharmaceuticals,AMRX
318,n/a,UnitedStates,$60.35M,Ampco-PittsburghCorporation,FluidControls,AP
319,2014,UnitedStates,$935.19M,"AmphastarPharmaceuticals,Inc.",MajorPharmaceuticals,AMPH
320,n/a,UnitedStates,$26.44B,AmphenolCorporation,ElectricalProducts,APH
321,n/a,UnitedStates,$59.91M,"AmpioPharmaceuticals,Inc.",MajorPharmaceuticals,AMPE
322,n/a,UnitedStates,$252.95M,AmplifyOnlineRetailETF,n/a,IBUY
323,n/a,UnitedStates,$41.86M,AMREPCorporation,Newspapers/Magazines,AXR
324,n/a,UnitedStates,$79.6M,"AmtechSystems,Inc.",IndustrialMachinery/Components,ASYS
325,n/a,UnitedStates,$19.1B,"AMTEK,Inc.",MetalFabrications,AME
326,2010,UnitedStates,$331.94M,"Amyris,Inc.",MajorChemicals,AMRS
327,n/a,UnitedStates,$35.6B,AnadarkoPetroleumCorporation,Oil&GasProduction,APC
328,n/a,UnitedStates,$36.26B,"AnalogDevices,Inc.",Semiconductors,ADI
329,2018,UnitedStates,$5.35B,"Anaplan,Inc.",ComputerSoftware:PrepackagedSoftware,PLAN
330,2017,UnitedStates,$2.02B,"AnaptysBio,Inc.",MajorPharmaceuticals,ANAB
331,n/a,UnitedStates,$149.31M,AnavexLifeSciencesCorp.,Biotechnology:CommercialPhysical&BiologicalResarch,AVXL
332,2019,Israel,$33.97M,AnchianoTherapeuticsLtd.,MajorPharmaceuticals,ANCN
333,2011,UnitedStates,$8.55B,AndeavorLogisticsLP,NaturalGasDistribution,ANDX
334,2019,UnitedStates,$136.45M,AndinaAcquisitionCorp.III,BusinessServices,ANDA
335,2019,UnitedStates,n/a,AndinaAcquisitionCorp.III,BusinessServices,ANDAR
336,2019,UnitedStates,n/a,AndinaAcquisitionCorp.III,BusinessServices,ANDAU
337,2019,UnitedStates,n/a,AndinaAcquisitionCorp.III,BusinessServices,ANDAW
338,2019,n/a,n/a,AngelOakFinancialStrategiesIncomeTermTrust,n/a,FINS
339,n/a,UnitedStates,$7.19B,ANGIHomeservicesInc.,Advertising,ANGI
340,2004,UnitedStates,$720.13M,"AngioDynamics,Inc.",Medical/DentalInstruments,ANGO
341,n/a,SouthAfrica,$5.13B,AngloGoldAshantiLimited,PreciousMetals,AU
342,n/a,Belgium,$161.18B,Anheuser-BuschInbevSA,Beverages(Production/Distribution),BUD
343,n/a,UnitedStates,$816.47M,"ANIPharmaceuticals,Inc.",MajorPharmaceuticals,ANIP
344,n/a,UnitedStates,$547.11M,AnikaTherapeuticsInc.,Medical/DentalInstruments,ANIK
345,n/a,UnitedStates,$84.01M,"AnixaBiosciences,Inc.",MedicalSpecialities,ANIX
346,n/a,UnitedStates,$1.85B,AnixterInternationalInc.,TelecommunicationsEquipment,AXE
347,n/a,UnitedStates,$13B,AnnalyCapitalManagementInc,RealEstateInvestmentTrusts,NLY
348,n/a,UnitedStates,n/a,AnnalyCapitalManagementInc,n/a,NLY^C
349,n/a,UnitedStates,n/a,AnnalyCapitalManagementInc,n/a,NLY^D
350,n/a,UnitedStates,n/a,AnnalyCapitalManagementInc,n/a,NLY^F
351,n/a,UnitedStates,n/a,AnnalyCapitalManagementInc,n/a,NLY^G
352,1996,UnitedStates,$15.17B,"ANSYS,Inc.",ComputerSoftware:PrepackagedSoftware,ANSS
353,n/a,UnitedStates,$458.59M,"AntaresPharma,Inc.",Medical/DentalInstruments,ATRS
354,2017,UnitedStates,$6.22B,AnteroMidstreamCorporation,NaturalGasDistribution,AM
355,2013,n/a,$2.02B,AnteroResourcesCorporation,Oil&GasProduction,AR
356,n/a,UnitedStates,$71.45B,"Anthem,Inc.",MedicalSpecialities,ANTM
357,n/a,UnitedStates,$380.77M,AnworthMortgageAssetCorporation,RealEstateInvestmentTrusts,ANH
358,n/a,UnitedStates,n/a,AnworthMortgageAssetCorporation,n/a,ANH^A
359,n/a,UnitedStates,n/a,AnworthMortgageAssetCorporation,n/a,ANH^B
360,n/a,UnitedStates,n/a,AnworthMortgageAssetCorporation,n/a,ANH^C
361,n/a,UnitedStates,$43.72B,Aonplc,SpecialtyInsurers,AON
362,n/a,UnitedStates,$9.84B,ApacheCorporation,Oil&GasProduction,APA
363,1994,UnitedStates,$7.38B,ApartmentInvestmentandManagementCompany,RealEstateInvestmentTrusts,AIV
364,2017,UnitedStates,$1.37B,"ApellisPharmaceuticals,Inc.",MajorPharmaceuticals,APLS
365,2018,n/a,$2.48B,ApergyCorporation,IndustrialMachinery/Components,APY
366,2018,n/a,$1.73B,AphriaInc.,SpecialtyChemicals,APHA
367,n/a,UnitedStates,$996.15M,"ApogeeEnterprises,Inc.",AutoParts:O.E.M.,APOG
368,2009,UnitedStates,$2.51B,ApolloCommercialRealEstateFinance,RealEstateInvestmentTrusts,ARI
369,n/a,UnitedStates,n/a,ApolloCommercialRealEstateFinance,n/a,ARI^C.CL
370,n/a,UnitedStates,$79.8M,"ApolloEndosurgery,Inc.",Medical/DentalInstruments,APEN
371,2011,UnitedStates,$12.35B,"ApolloGlobalManagement,LLC",InvestmentManagers,APO
372,n/a,UnitedStates,n/a,"ApolloGlobalManagement,LLC",n/a,APO^A
373,n/a,UnitedStates,n/a,"ApolloGlobalManagement,LLC",n/a,APO^B
374,2004,UnitedStates,$1.1B,ApolloInvestmentCorporation,n/a,AINV
375,2013,UnitedStates,n/a,ApolloInvestmentCorporation,n/a,AIY
376,n/a,UnitedStates,$661.71M,"ApolloMedicalHoldings,Inc.",ProfessionalServices,AMEH
377,2011,n/a,$231.42M,ApolloSeniorFloatingRateFundInc.,n/a,AFT
378,2013,n/a,$212.04M,ApolloTacticalIncomeFundInc.,n/a,AIF
379,2015,UnitedStates,$3.28B,"AppFolio,Inc.",ComputerSoftware:PrepackagedSoftware,APPF
380,2017,UnitedStates,$2.34B,AppianCorporation,ComputerSoftware:PrepackagedSoftware,APPN
381,2015,UnitedStates,$3.57B,"AppleHospitalityREIT,Inc.",RealEstateInvestmentTrusts,APLE
382,1980,UnitedStates,$820.37B,AppleInc.,ComputerManufacturing,AAPL
383,n/a,UnitedStates,$8.59M,"ApplianceRecyclingCentersofAmerica,Inc.",HomeFurnishings,ARCI
384,n/a,UnitedStates,$22.31M,AppliedDNASciencesInc,OtherConsumerServices,APDN
385,n/a,UnitedStates,n/a,AppliedDNASciencesInc,OtherConsumerServices,APDNW
386,2014,UnitedStates,$67.23M,AppliedGeneticTechnologiesCorporation,Biotechnology:BiologicalProducts(NoDiagnosticSubstances),AGTC
387,n/a,UnitedStates,$2.12B,"AppliedIndustrialTechnologies,Inc.",IndustrialSpecialties,AIT
388,1972,UnitedStates,$37.21B,"AppliedMaterials,Inc.",Semiconductors,AMAT
389,2013,UnitedStates,$179.06M,"AppliedOptoelectronics,Inc.",Semiconductors,AAOI
390,2019,UnitedStates,$169.84M,"AppliedTherapeutics,Inc.",MajorPharmaceuticals,APLT
391,2007,UnitedStates,$21.86M,ApproachResourcesInc.,Oil&GasProduction,AREX
392,n/a,UnitedStates,$7.17B,"AptarGroup,Inc.",PlasticProducts,ATR
393,n/a,UnitedStates,$32.22M,AptevoTherapeuticsInc.,MajorPharmaceuticals,APVO
394,2018,UnitedStates,$102.7M,AptinyxInc.,MajorPharmaceuticals,APTX
395,2011,UnitedKingdom,$17.71B,AptivPLC,AutoParts:O.E.M.,APTV
396,2018,HongKong,$191.6M,AptorumGroupLimited,MajorPharmaceuticals,APM
397,n/a,Canada,$83.04M,"AptoseBiosciences,Inc.",Biotechnology:BiologicalProducts(NoDiagnosticSubstances),APTO
398,n/a,UnitedStates,$216.85M,ApyxMedicalCorporation,Medical/DentalInstruments,APYX
399,n/a,UnitedStates,$8.38B,"AquaAmerica,Inc.",WaterSupply,WTR
400,2019,UnitedStates,n/a,"AquaAmerica,Inc.",WaterSupply,WTRU
401,2015,UnitedStates,$86.85M,"AquaMetals,Inc.",MetalFabrications,AQMS
402,n/a,UnitedStates,$48.16M,"AquaBountyTechnologies,Inc.",n/a,AQB
403,2017,UnitedStates,$467.61M,AquantiaCorp.,Semiconductors,AQ
404,2016,UnitedStates,$475.95M,AquaVentureHoldingsLimited,WaterSupply,WAAS
405,2018,UnitedStates,$100.65M,"AquestiveTherapeutics,Inc.",MajorPharmaceuticals,AQST
406,2014,Canada,$62.61M,"AquinoxPharmaceuticals,Inc.",MajorPharmaceuticals,AQXP
407,2013,n/a,$8.6B,Aramark,Restaurants,ARMK
408,2013,UnitedStates,$227.71M,"AratanaTherapeutics,Inc.",MajorPharmaceuticals,PETX
409,2014,UnitedStates,$70.03M,"Aravive,Inc.",MajorPharmaceuticals,ARAV
410,2004,UnitedStates,$1.19B,ArborRealtyTrust,RealEstateInvestmentTrusts,ABR
411,n/a,UnitedStates,n/a,ArborRealtyTrust,n/a,ABR^A
412,n/a,UnitedStates,n/a,ArborRealtyTrust,n/a,ABR^B
413,n/a,UnitedStates,n/a,ArborRealtyTrust,n/a,ABR^C
414,n/a,Canada,$105.59M,ArbutusBiopharmaCorporation,MajorPharmaceuticals,ABUS
415,2004,UnitedStates,$92.54M,"ARCDocumentSolutions,Inc.",ProfessionalServices,ARC
416,n/a,UnitedStates,$10.69M,"ARCGroupWorldwide,Inc.",MetalFabrications,ARCW
417,n/a,UnitedStates,$15.31M,"ARCAbiopharma,Inc.",Biotechnology:InVitro&InVivoDiagnosticSubstances,ABIO
418,2015,UnitedStates,$23.98M,"ArcadiaBiosciences,Inc.",AgriculturalChemicals,RKDA
419,n/a,UnitedStates,$648.04M,ArcBestCorporation,TruckingFreight/CourierServices,ARCB
420,n/a,Luxembourg,$15.06B,ArcelorMittal,Steel/IronOre,MT
421,n/a,Bermuda,$13.84B,ArchCapitalGroupLtd.,Property-CasualtyInsurers,ACGL
422,n/a,Bermuda,n/a,ArchCapitalGroupLtd.,Property-CasualtyInsurers,ACGLO
423,n/a,Bermuda,n/a,ArchCapitalGroupLtd.,Property-CasualtyInsurers,ACGLP
424,2016,UnitedStates,$1.47B,"ArchCoal,Inc.",CoalMining,ARCH
425,n/a,UnitedStates,$21.54B,Archer-Daniels-MidlandCompany,PackagedFoods,ADM
426,n/a,UnitedStates,$1.18B,"Archrock,Inc.",NaturalGasDistribution,AROC
427,2017,UnitedStates,$49.69M,"Arcimoto,Inc.",MotorVehicles,FUV
428,2018,Brazil,$1.94B,ArcoPlatformLimited,OtherConsumerServices,ARCE
429,n/a,UnitedStates,n/a,ArconicInc.,n/a,ARNC^
430,n/a,UnitedStates,$9.7B,ArconicInc.,MetalFabrications,ARNC
431,2011,Argentina,$1.29B,ArcosDoradosHoldingsInc.,Restaurants,ARCO
432,2018,n/a,$1.69B,"Arcosa,Inc.",IndustrialMachinery/Components,ACA
433,2013,Israel,$70.7M,ArcturusTherapeuticsLtd.,MajorPharmaceuticals,ARCT
434,2018,n/a,$389.24M,"ArcusBiosciences,Inc.",MajorPharmaceuticals,RCUS
435,2017,n/a,$3.41B,ArdaghGroupS.A.,Containers/Packaging,ARD
436,2014,UnitedStates,$159.63M,"Ardelyx,Inc.",MajorPharmaceuticals,ARDX
437,2013,n/a,$236.32M,ArdmoreShippingCorporation,MarineTransportation,ASC
438,2000,UnitedStates,$2.65B,"ArenaPharmaceuticals,Inc.",MajorPharmaceuticals,ARNA
439,n/a,UnitedStates,$206.32M,AresCapitalCorporation,n/a,AFC
440,2004,UnitedStates,$7.56B,AresCapitalCorporation,n/a,ARCC
441,2012,UnitedStates,$426.97M,AresCommercialRealEstateCorporation,RealEstateInvestmentTrusts,ACRE
442,2012,UnitedStates,$347.62M,"AresDynamicCreditAllocationFund,Inc.",n/a,ARDC
443,2014,n/a,$2.74B,AresManagementCorporation,InvestmentManagers,ARES
444,n/a,n/a,n/a,AresManagementCorporation,n/a,ARES^A
445,n/a,UnitedStates,$728.82M,"Argan,Inc.",Engineering&Construction,AGX
446,2017,Netherlands,$4.87B,argenxSE,Biotechnology:BiologicalProducts(NoDiagnosticSubstances),ARGX
447,n/a,Bermuda,n/a,"ArgoGroupInternationalHoldings,Ltd.",SpecialtyInsurers,ARGD
448,n/a,Bermuda,$2.37B,"ArgoGroupInternationalHoldings,Ltd.",SpecialtyInsurers,ARGO
449,2018,UnitedStates,$76.61M,AridisPharmaceuticalsInc.,MajorPharmaceuticals,ARDS
450,2014,n/a,$19B,"AristaNetworks,Inc.",ComputerCommunicationsEquipment,ANET
451,n/a,UnitedStates,$69.98M,ArkRestaurantsCorp.,Restaurants,ARKR
452,n/a,UnitedStates,$250.52M,ArlingtonAssetInvestmentCorp,RealEstateInvestmentTrusts,AI
453,n/a,UnitedStates,n/a,ArlingtonAssetInvestmentCorp,n/a,AI^B
454,n/a,UnitedStates,n/a,ArlingtonAssetInvestmentCorp,n/a,AI^C
455,2015,UnitedStates,n/a,ArlingtonAssetInvestmentCorp,RealEstateInvestmentTrusts,AIC
456,n/a,UnitedStates,n/a,ArlingtonAssetInvestmentCorp,RealEstateInvestmentTrusts,AIW
457,2018,UnitedStates,$270.61M,"ArloTechnologies,Inc.",ConsumerElectronics/Appliances,ARLO
458,2013,UnitedStates,$1.14B,"ArmadaHofflerProperties,Inc.",RealEstate,AHH
459,n/a,UnitedStates,$35.56M,"ArmataPharmaceuticals,Inc.",Biotechnology:BiologicalProducts(NoDiagnosticSubstances),ARMP
460,n/a,UnitedStates,$1.04B,"ARMOURResidentialREIT,Inc.",RealEstateInvestmentTrusts,ARR
461,n/a,UnitedStates,n/a,"ARMOURResidentialREIT,Inc.",n/a,ARR^A
462,n/a,UnitedStates,n/a,"ARMOURResidentialREIT,Inc.",n/a,ARR^B
463,2016,n/a,$292.35M,"ArmstrongFlooring,Inc.",PlasticProducts,AFI
464,n/a,UnitedStates,$4.36B,ArmstrongWorldIndustriesInc,PlasticProducts,AWI
465,1994,UnitedStates,$58.93M,ArotechCorporation,IndustrialMachinery/Components,ARTX
466,1996,UnitedStates,$759.7M,"ArQule,Inc.",MajorPharmaceuticals,ARQL
467,2000,UnitedStates,$6.04B,ArrayBioPharmaInc.,MajorPharmaceuticals,ARRY
468,n/a,UnitedStates,$14.41M,ArrowDWACountryRotationETF,n/a,DWCR
469,n/a,UnitedStates,$5.35M,ArrowDWATacticalETF,n/a,DWAT
470,n/a,UnitedStates,$5.47B,"ArrowElectronics,Inc.",ElectronicComponents,ARW
471,n/a,UnitedStates,$470.59M,ArrowFinancialCorporation,MajorBanks,AROW
472,n/a,UnitedStates,$2.33B,"ArrowheadPharmaceuticals,Inc.",MajorPharmaceuticals,ARWR
473,n/a,UnitedStates,$335.55M,ArtesianResourcesCorporation,WaterSupply,ARTNA
474,n/a,UnitedStates,$15.65B,ArthurJ.Gallagher&Co.,SpecialtyInsurers,AJG
475,2013,UnitedStates,$1.9B,ArtisanPartnersAssetManagementInc.,InvestmentManagers,APAM
476,n/a,UnitedStates,$8.61M,"Art's-WayManufacturingCo.,Inc.",IndustrialMachinery/Components,ARTW
477,2018,UnitedStates,$702.13M,"Arvinas,Inc.",MajorPharmaceuticals,ARVN
478,2018,UnitedStates,$179.15M,ARYASciencesAcquisitionCorp.,BusinessServices,ARYA
479,2018,UnitedStates,n/a,ARYASciencesAcquisitionCorp.,BusinessServices,ARYAU
480,2018,UnitedStates,n/a,ARYASciencesAcquisitionCorp.,BusinessServices,ARYAW
481,n/a,UnitedStates,$184.61M,ASAGoldandPreciousMetalsLimited,n/a,ASA
482,n/a,Canada,$130.42M,AsankoGoldInc.,Mining&QuarryingofNonmetallicMinerals(NoFuels),AKG
483,2002,UnitedStates,$1.49B,AsburyAutomotiveGroupInc,AutomotiveAftermarket,ABG
484,n/a,UnitedStates,$205.47M,"AscenaRetailGroup,Inc.",Clothing/Shoe/AccessoryStores,ASNA
485,2015,Denmark,$6.01B,AscendisPharmaA/S,MajorPharmaceuticals,ASND
486,n/a,UnitedStates,$16.24M,"AscentCapitalGroup,Inc.",OtherConsumerServices,ASCMA
487,2018,n/a,$7.76B,"ASETechnologyHoldingCo.,Ltd.",Semiconductors,ASX
488,1992,UnitedStates,$2.74B,ASGNIncorporated,ProfessionalServices,ASGN
489,2003,UnitedStates,$462.7M,AshfordHospitalityTrustInc,RealEstateInvestmentTrusts,AHT
490,n/a,UnitedStates,n/a,AshfordHospitalityTrustInc,n/a,AHT^D
491,n/a,UnitedStates,n/a,AshfordHospitalityTrustInc,n/a,AHT^F
492,n/a,UnitedStates,n/a,AshfordHospitalityTrustInc,n/a,AHT^G
493,n/a,UnitedStates,n/a,AshfordHospitalityTrustInc,n/a,AHT^H
494,n/a,UnitedStates,n/a,AshfordHospitalityTrustInc,n/a,AHT^I
495,2014,UnitedStates,$110.72M,AshfordInc.,ProfessionalServices,AINC
496,n/a,UnitedStates,$4.76B,AshlandGlobalHoldingsInc.,SpecialtyChemicals,ASH
497,n/a,Taiwan,$31.09M,AsiaPacificWire&CableCorporationLimited,TelecommunicationsEquipment,APWC
498,2018,Singapore,$103.84M,ASLANPharmaceuticalsLimited,MajorPharmaceuticals,ASLN
499,1995,Netherlands,$80.83B,ASMLHoldingN.V.,IndustrialMachinery/Components,ASML
500,2014,UnitedStates,$119.29M,"AspenAerogels,Inc.",RETAIL:BuildingMaterials,ASPN
501,n/a,UnitedStates,$77.39M,AspenGroupInc.,OtherConsumerServices,ASPU
502,n/a,Bermuda,n/a,AspenInsuranceHoldingsLimited,n/a,AHL^C
503,n/a,Bermuda,n/a,AspenInsuranceHoldingsLimited,n/a,AHL^D
504,1994,UnitedStates,$8B,"AspenTechnology,Inc.",EDPServices,AZPN
505,n/a,UnitedStates,$373.26M,"AssemblyBiosciences,Inc.",MajorPharmaceuticals,ASMB
506,n/a,UnitedStates,$202.88M,"AssertioTherapeutics,Inc.",MajorPharmaceuticals,ASRT
507,n/a,UnitedStates,$3.33B,AssociatedBanc-Corp,MajorBanks,ASB
508,n/a,UnitedStates,n/a,AssociatedBanc-Corp,n/a,ASB^C
509,n/a,UnitedStates,n/a,AssociatedBanc-Corp,n/a,ASB^D
510,n/a,UnitedStates,n/a,AssociatedBanc-Corp,n/a,ASB^E
511,2015,UnitedStates,$849.61M,"AssociatedCapitalGroup,Inc.",InvestmentBankers/Brokers/Service,AC
512,2004,UnitedStates,$6.2B,"Assurant,Inc.",Accident&HealthInsurance,AIZ
513,n/a,UnitedStates,$309.84M,"Assurant,Inc.",Accident&HealthInsurance,AIZP
514,2004,Bermuda,$4.19B,AssuredGuarantyLtd.,Property-CasualtyInsurers,AGO
515,n/a,Bermuda,n/a,AssuredGuarantyLtd.,n/a,AGO^B
516,n/a,Bermuda,n/a,AssuredGuarantyLtd.,n/a,AGO^E
517,n/a,Bermuda,n/a,AssuredGuarantyLtd.,n/a,AGO^F
518,1995,UnitedStates,$46.13M,"AstaFunding,Inc.",FinanceCompanies,ASFI
519,1986,UnitedStates,$676.14M,"AstecIndustries,Inc.",Construction/AgEquipment/Trucks,ASTE
520,n/a,UnitedKingdom,$98.41B,AstrazenecaPLC,MajorPharmaceuticals,AZN
521,n/a,UnitedStates,$1.34B,AstronicsCorporation,Military/Government/Technical,ATRO
522,1983,UnitedStates,$184.8M,"AstroNova,Inc.",Computerperipheralequipment,ALOT
523,n/a,UnitedStates,$20.28M,AstrotechCorporation,Biotechnology:LaboratoryAnalyticalInstruments,ASTC
524,n/a,UnitedStates,$100.59M,AsureSoftwareInc,EDPServices,ASUR
525,2017,UnitedStates,$21.48M,"ASVHoldings,Inc.",Construction/AgEquipment/Trucks,ASV
526,2016,UnitedStates,$1.24B,AtHomeGroupInc.,HomeFurnishings,HOME
527,n/a,UnitedStates,$232.52B,AT&TInc.,TelecommunicationsEquipment,T
528,2017,UnitedStates,n/a,AT&TInc.,TelecommunicationsEquipment,TBB
529,2018,UnitedStates,n/a,AT&TInc.,TelecommunicationsEquipment,TBC
530,2008,China,$46.21M,ATAInc.,OtherConsumerServices,ATAI
531,2014,UnitedStates,$1.06B,"AtaraBiotherapeutics,Inc.",Biotechnology:BiologicalProducts(NoDiagnosticSubstances),ATRA
532,2014,n/a,$199.83M,AtentoS.A.,TelecommunicationsEquipment,ATTO
533,2016,n/a,$8.23B,AtheneHoldingLtd.,LifeInsurance,ATH
534,2017,UnitedStates,$1.12B,"Athenex,Inc.",MajorPharmaceuticals,ATNX
535,n/a,UnitedStates,$269.6M,"Athersys,Inc.",MajorPharmaceuticals,ATHX
536,2019,China,$154.82M,ATIFHoldingsLimited,ProfessionalServices,ATIF
537,2016,UnitedStates,$1.09B,AtkoreInternationalGroupInc.,IndustrialMachinery/Components,ATKR
538,n/a,UnitedStates,$49.06M,AtlanticAmericanCorporation,LifeInsurance,AAME
539,n/a,UnitedStates,$407.6M,"AtlanticCapitalBancshares,Inc.",MajorBanks,ACBI
540,n/a,UnitedStates,$258.88M,AtlanticPowerCorporation,ElectricUtilities:Central,AT
541,n/a,UnitedStates,$2.73B,AtlanticUnionBanksharesCorporation,MajorBanks,AUB
542,2014,UnitedKingdom,$2.16B,AtlanticaYieldplc,ElectricUtilities:Central,AY
543,1995,UnitedStates,$56.55M,AtlanticusHoldingsCorporation,Finance:ConsumerServices,ATLC
544,n/a,UnitedStates,$976.68M,AtlasAirWorldwideHoldings,TransportationServices,AAWW
545,2013,UnitedStates,$8.68M,"AtlasFinancialHoldings,Inc.",Property-CasualtyInsurers,AFH
546,n/a,UnitedStates,n/a,"AtlasFinancialHoldings,Inc.",Property-CasualtyInsurers,AFHBL
547,2015,UnitedKingdom,$30.43B,AtlassianCorporationPlc,ComputerSoftware:PrepackagedSoftware,TEAM
548,n/a,UnitedStates,$11.77B,AtmosEnergyCorporation,Oil/GasTransmission,ATO
549,n/a,UnitedStates,$969.22M,"ATNInternational,Inc.",TelecommunicationsEquipment,ATNI
550,2016,UnitedStates,$63.63M,AtomeraIncorporated,Semiconductors,ATOM
551,2012,UnitedStates,$24M,AtossaGeneticsInc.,MajorPharmaceuticals,ATOS
552,2005,UnitedStates,$1.16B,"AtriCure,Inc.",Medical/DentalInstruments,ATRC
553,n/a,UnitedStates,$1.65B,AtrionCorporation,Medical/DentalInstruments,ATRI
554,n/a,UnitedStates,$8.78M,AttisIndustriesInc.,Miscellaneous,ATIS
555,n/a,UnitedStates,n/a,AttisIndustriesInc.,Miscellaneous,ATISW
556,2015,UnitedStates,$19.59M,"aTyrPharma,Inc.",Biotechnology:BiologicalProducts(NoDiagnosticSubstances),LIFE
557,2002,Taiwan,$2.72B,AUOptronicsCorp,Semiconductors,AUO
558,n/a,UnitedStates,$128.19M,"AuburnNationalBancorporation,Inc.",MajorBanks,AUBN
559,2016,UnitedStates,$1.6B,"AudentesTherapeutics,Inc.",Biotechnology:BiologicalProducts(NoDiagnosticSubstances),BOLD
560,1999,Israel,$443.73M,AudioCodesLtd.,TelecommunicationsEquipment,AUDC
561,n/a,UnitedStates,$48.45M,"AudioEye,Inc.",ComputerSoftware:PrepackagedSoftware,AEYE
562,n/a,Canada,$609.45M,AuriniaPharmaceuticalsInc,MajorPharmaceuticals,AUPH
563,2014,Switzerland,$5.12M,AurisMedicalHoldingLtd.,MajorPharmaceuticals,EARS
564,2018,n/a,$8.11B,AuroraCannabisInc.,SpecialtyChemicals,ACB
565,2018,China,$842.51M,AuroraMobileLimited,"ComputerSoftware:Programming,DataProcessing",JG
566,n/a,Canada,$147.43M,AurynResourcesInc.,PreciousMetals,AUG
567,n/a,UnitedStates,$35.8B,"Autodesk,Inc.",ComputerSoftware:PrepackagedSoftware,ADSK
568,2013,n/a,$10.62B,AutohomeInc.,EDPServices,ATHM
569,n/a,Sweden,$5.61B,"Autoliv,Inc.",AutoParts:O.E.M.,ALV
570,2018,UnitedKingdom,$951.27M,AutolusTherapeuticsplc,Biotechnology:BiologicalProducts(NoDiagnosticSubstances),AUTL
571,n/a,UnitedStates,$70.03B,"AutomaticDataProcessing,Inc.",EDPServices,ADP
572,n/a,UnitedStates,$3.57B,"AutoNation,Inc.",AutomotiveAftermarket,AN
573,n/a,UnitedStates,$46.27M,"AutoWeb,Inc.","ComputerSoftware:Programming,DataProcessing",AUTO
574,n/a,UnitedStates,$25.73B,"AutoZone,Inc.",OtherSpecialtyStores,AZO
575,n/a,France,$65.37M,AvadelPharmaceuticalsplc,MajorPharmaceuticals,AVDL
576,2018,UnitedStates,$5B,"Avalara,Inc.",ComputerSoftware:PrepackagedSoftware,AVLR
577,n/a,UnitedStates,$172.49M,AvalonGloboCareCorp.,ProfessionalServices,AVCO
578,n/a,UnitedStates,$8.91M,AvalonHoldingsCorporation,EnvironmentalServices,AWX
579,n/a,UnitedStates,$28.07B,"AvalonBayCommunities,Inc.",RealEstateInvestmentTrusts,AVB
580,2015,UnitedStates,$15.31B,"Avangrid,Inc.",ElectricUtilities:Central,AGR
581,2014,UnitedStates,$1.89B,"AvanosMedical,Inc.",IndustrialSpecialties,AVNS
582,2019,n/a,$9.25B,"Avantor,Inc.",Biotechnology:LaboratoryAnalyticalInstruments,AVTR
583,n/a,n/a,n/a,"Avantor,Inc.",n/a,AVTR^A
584,n/a,n/a,$1.35B,AvayaHoldingsCorp.,TelecommunicationsEquipment,AVYA
585,2019,UnitedStates,$307.98M,"Avedro,Inc",MajorPharmaceuticals,AVDR
586,2017,UnitedStates,$82.8M,"AvenueTherapeutics,Inc.",MajorPharmaceuticals,ATXI
587,2010,UnitedStates,$106.17M,"AVEOPharmaceuticals,Inc.",MajorPharmaceuticals,AVEO
588,n/a,UnitedStates,$8.75B,AveryDennisonCorporation,Containers/Packaging,AVY
589,2013,n/a,$486.03M,AviancaHoldingsS.A.,AirFreight/DeliveryServices,AVH
590,n/a,UnitedStates,$72.06M,"AviatNetworks,Inc.",RadioAndTelevisionBroadcastingAndCommunicationsEquipment,AVNW
591,n/a,UnitedStates,$208.6M,"AvidBioservices,Inc.",MajorPharmaceuticals,CDMO
592,n/a,UnitedStates,$18.21M,"AvidBioservices,Inc.",MajorPharmaceuticals,CDMOP
593,1993,UnitedStates,$333.81M,"AvidTechnology,Inc.",ComputerSoftware:PrepackagedSoftware,AVID
594,2015,UnitedStates,$31.46M,"Avinger,Inc.",Medical/DentalInstruments,AVGR
595,n/a,Canada,$26.79M,AvinoSilver,PreciousMetals,ASM
596,n/a,UnitedStates,$2.19B,"AvisBudgetGroup,Inc.",Rental/LeasingCompanies,CAR
597,n/a,UnitedStates,$2.72B,AvistaCorporation,PowerGeneration,AVA
598,n/a,UnitedStates,$4.46B,"Avnet,Inc.",ElectronicComponents,AVT
599,n/a,UnitedStates,$1.71B,"AvonProducts,Inc.",PackageGoods/Cosmetics,AVP
600,2018,UnitedStates,$354.24M,"AVROBIO,Inc.",Biotechnology:BiologicalProducts(NoDiagnosticSubstances),AVRO
601,n/a,UnitedStates,$2.57B,AVXCorporation,ElectricalProducts,AVX
602,1996,UnitedStates,$68.96M,"Aware,Inc.",ComputerSoftware:PrepackagedSoftware,AWRE
603,2018,UnitedStates,$10.52B,"AXAEquitableHoldings,Inc.",SpecialtyInsurers,EQH
604,2014,UnitedStates,$5.67B,AxaltaCoatingSystemsLtd.,Paints/Coatings,AXTA
605,2000,UnitedStates,$499.4M,"AxcelisTechnologies,Inc.",IndustrialMachinery/Components,ACLS
606,2019,UnitedStates,$326.43M,AxcellaHealthInc.,Biotechnology:BiologicalProducts(NoDiagnosticSubstances),AXLA
607,2003,Bermuda,$4.92B,AxisCapitalHoldingsLimited,Property-CasualtyInsurers,AXS
608,n/a,Bermuda,n/a,AxisCapitalHoldingsLimited,n/a,AXS^D
609,n/a,Bermuda,n/a,AxisCapitalHoldingsLimited,n/a,AXS^E
610,n/a,UnitedStates,$831.55M,"AxoGen,Inc.",Biotechnology:Electromedical&ElectrotherapeuticApparatus,AXGN
611,n/a,UnitedStates,$4.02B,"AxonEnterprise,Inc.",OrdnanceAndAccessories,AAXN
612,2018,UnitedStates,$930.51M,"AxonicsModulationTechnologies,Inc.",Medical/DentalInstruments,AXNX
613,2018,UnitedStates,$1.7B,"AxosFinancial,Inc.",SavingsInstitutions,AX
614,2018,UnitedStates,n/a,"AxosFinancial,Inc.",SavingsInstitutions,AXO
615,n/a,UnitedKingdom,$159.23M,AxovantGeneTherapiesLtd.,MajorPharmaceuticals,AXGT
616,2015,UnitedStates,$813.32M,"AxsomeTherapeutics,Inc.",MajorPharmaceuticals,AXSM
617,1998,UnitedStates,$163.61M,AXTInc,Semiconductors,AXTI
618,n/a,UnitedStates,$28.49M,"AytuBioScience,Inc.",MajorPharmaceuticals,AYTU
619,2017,Brazil,$3.33B,AzulS.A.,AirFreight/DeliveryServices,AZUL
620,2016,India,$481.46M,AzurePowerGlobalLimited,ElectricUtilities:Central,AZRE
621,2016,UnitedStates,$45.7M,"AzurRxBioPharma,Inc.",MajorPharmaceuticals,AZRX
622,n/a,UnitedStates,$1.11B,AZZInc.,BuildingProducts,AZZ
623,2018,China,$653.27M,"111,Inc.",Medical/NursingServices,YI
624,2014,UnitedStates,$34.51M,"1347PropertyInsuranceHoldings,Inc.",Property-CasualtyInsurers,PIH
625,n/a,UnitedStates,$17.68M,"1347PropertyInsuranceHoldings,Inc.",Property-CasualtyInsurers,PIHPP
626,n/a,UnitedStates,$60.68M,180DegreeCapitalCorp.,Finance/InvestorsServices,TURN
627,1999,UnitedStates,$1.16B,"1-800FLOWERS.COM,Inc.",OtherSpecialtyStores,FLWS
628,2019,UnitedStates,$45.84M,"1895BancorpofWisconsin,Inc.",Banks,BCOW
629,n/a,UnitedStates,$163.5M,1stConstitutionBancorp(NJ),SavingsInstitutions,FCCY
630,n/a,UnitedStates,$1.15B,1stSourceCorporation,MajorBanks,SRCE
631,2011,China,$824.96M,"21VianetGroup,Inc.","ComputerSoftware:Programming,DataProcessing",VNET
632,n/a,UnitedStates,$248.07M,"22ndCenturyGroup,Inc",Farming/Seeds/Milling,XXII
633,2014,UnitedStates,$2.41B,"2U,Inc.",ComputerSoftware:PrepackagedSoftware,TWOU
634,2018,China,$2.37B,"360Finance,Inc.",Finance:ConsumerServices,QFIN
635,n/a,UnitedStates,$956.86M,3DSystemsCorporation,ComputerSoftware:PrepackagedSoftware,DDD
636,n/a,UnitedStates,$92.56B,3MCompany,Medical/DentalInstruments,MMM
637,2013,n/a,$423M,500.comLimited,Services-Misc.Amusement&Recreation,WBAI
638,2004,China,$4.38B,"51job,Inc.",DiversifiedCommercialServices,JOBS
639,2013,n/a,$8.75B,58.comInc.,"ComputerSoftware:Programming,DataProcessing",WUBA
640,2019,Singapore,$56.87M,8iEnterprisesAcquisitionCorp,BusinessServices,JFK
641,2019,Singapore,n/a,8iEnterprisesAcquisitionCorp,BusinessServices,JFKKR
642,2019,Singapore,$50.8M,8iEnterprisesAcquisitionCorp,BusinessServices,JFKKU
643,2019,Singapore,$833175,8iEnterprisesAcquisitionCorp,BusinessServices,JFKKW
644,n/a,UnitedStates,$2.35B,8x8Inc,EDPServices,EGHT
645,n/a,UnitedStates,$85.19M,A.H.BeloCorporation,Newspapers/Magazines,AHC
646,n/a,UnitedStates,$6.89B,A.OSmithCorporation,ConsumerElectronics/Appliances,AOS
647,2014,n/a,$462.88M,"A10Networks,Inc.",ComputerCommunicationsEquipment,ATEN
648,2014,UnitedStates,$26.82M,"AACHoldings,Inc.",MedicalSpecialities,AAC
649,n/a,UnitedStates,$2.42B,"AAON,Inc.",IndustrialMachinery/Components,AAON
650,n/a,UnitedStates,$1.07B,AARCorp.,Aerospace,AIR
651,n/a,UnitedStates,$3.7B,"Aaron's,Inc.",DiversifiedCommercialServices,AAN
652,n/a,Switzerland,$39.12B,ABBLtd,ElectricalProducts,ABB
653,n/a,UnitedStates,$135B,AbbottLaboratories,MajorPharmaceuticals,ABT
654,2012,UnitedStates,$114.73B,AbbVieInc.,MajorPharmaceuticals,ABBV
655,n/a,UnitedStates,$282.68M,AbeonaTherapeuticsInc.,MajorPharmaceuticals,ABEO
656,n/a,UnitedStates,n/a,AbeonaTherapeuticsInc.,MajorPharmaceuticals,ABEOW
657,n/a,UnitedStates,$1.17B,Abercrombie&FitchCompany,Clothing/Shoe/AccessoryStores,ANF
658,1986,UnitedStates,$1.02B,AberdeenAsia-PacificIncomeFundInc,n/a,FAX
659,n/a,UnitedStates,$120.99M,AberdeenAustraliaEquityFundInc,n/a,IAF
660,n/a,UnitedStates,$419.75M,"AberdeenEmergingMarketsEquityIncomeFund,Inc.",n/a,AEF
661,2006,UnitedStates,$112.82M,AberdeenGlobalDynamicDividendFund,n/a,AGD
662,1992,UnitedStates,$68.4M,"AberdeenGlobalIncomeFund,Inc.",n/a,FCO
663,2007,UnitedStates,$510.74M,AberdeenGlobalPremierPropertiesFund,n/a,AWP
664,2011,UnitedStates,$160.68M,AberdeenIncomeCreditStrategiesFund,n/a,ACP
665,1992,UnitedStates,$93.28M,"AberdeenJapanEquityFund,Inc.",n/a,JEQ
666,2007,UnitedStates,$844.19M,AberdeenTotalDynamicDividendFund,n/a,AOD
667,2014,Israel,$12.62M,AbilityInc.,TelecommunicationsEquipment,ABIL
668,n/a,UnitedStates,$12.02B,"ABIOMED,Inc.",Medical/DentalInstruments,ABMD
669,n/a,UnitedStates,$2.43B,ABMIndustriesIncorporated,DiversifiedCommercialServices,ABM
670,n/a,UnitedStates,$165.37M,AbraxasPetroleumCorporation,Oil&GasProduction,AXAS
671,2016,Switzerland,$352M,ACImmuneSA,MajorPharmaceuticals,ACIU
672,2016,UnitedStates,$1.96B,"AcaciaCommunications,Inc.",Semiconductors,ACIA
