,IPO year,country,market capital,name,subsector,symbol
0,2014,n/a,$5.76B,"ParsleyEnergy,Inc.",Oil&GasProduction,PE
1,2019,n/a,$3.02B,ParsonsCorporation,EDPServices,PSN
2,n/a,Israel,$732.87M,PartnerCommunicationsCompanyLtd.,TelecommunicationsEquipment,PTNR
3,n/a,Bermuda,n/a,PartnerReLtd.,n/a,PRE^F
4,n/a,Bermuda,n/a,PartnerReLtd.,n/a,PRE^G
5,n/a,Bermuda,n/a,PartnerReLtd.,n/a,PRE^H
6,n/a,Bermuda,n/a,PartnerReLtd.,n/a,PRE^I
7,2015,UnitedStates,$725.93M,PartyCityHoldcoInc.,OtherSpecialtyStores,PRTY
8,n/a,UnitedStates,$76.28M,"PathfinderBancorp,Inc.",MajorBanks,PBHC
9,n/a,UnitedStates,$1.01B,"PatrickIndustries,Inc.",ForestProducts,PATK
10,n/a,UnitedStates,$59.59M,PatriotNationalBancorpInc.,SpecialtyInsurers,PNBK
11,n/a,UnitedStates,$61.42M,"PatriotTransportationHolding,Inc.",TruckingFreight/CourierServices,PATI
12,2013,UnitedStates,$2.1B,PatternEnergyGroupInc.,ElectricUtilities:Central,PEGI
13,1992,UnitedStates,$2.05B,"PattersonCompanies,Inc.",MedicalSpecialities,PDCO
14,1993,UnitedStates,$2.32B,"Patterson-UTIEnergy,Inc.",Oil&GasProduction,PTEN
15,2016,UnitedStates,$33.57M,PAVmedInc.,Medical/DentalInstruments,PAVM
16,2016,UnitedStates,n/a,PAVmedInc.,Medical/DentalInstruments,PAVMW
17,n/a,UnitedStates,n/a,PAVmedInc.,Medical/DentalInstruments,PAVMZ
18,1983,UnitedStates,$30.99B,"Paychex,Inc.",DiversifiedCommercialServices,PAYX
19,2014,n/a,$12.24B,"PaycomSoftware,Inc.",ComputerSoftware:PrepackagedSoftware,PAYC
20,2014,UnitedStates,$5.33B,PaylocityHoldingCorporation,ComputerSoftware:PrepackagedSoftware,PCTY
21,n/a,UnitedStates,$51.9M,"PaymentDataSystems,Inc.",InvestmentBankers/Brokers/Service,PYDS
22,n/a,UnitedStates,$130.9B,"PayPalHoldings,Inc.",BusinessServices,PYPL
23,n/a,UnitedStates,$476.2M,"Paysign,Inc.",BusinessServices,PAYS
24,n/a,UnitedStates,$85.05M,"PBBancorp,Inc.",SavingsInstitutions,PBBI
25,2012,UnitedStates,$3.32B,PBFEnergyInc.,IntegratedoilCompanies,PBF
26,2014,n/a,$1.24B,PBFLogisticsLP,NaturalGasDistribution,PBFX
27,n/a,UnitedStates,$866.96M,"PCConnection,Inc.",Catalog/SpecialtyDistribution,CNXN
28,n/a,UnitedStates,$316.47M,"PCM,Inc.",Catalog/SpecialtyDistribution,PCMI
29,2017,UnitedStates,$349.14M,PCSBFinancialCorporation,Banks,PCSB
30,1999,UnitedStates,$94.11M,"PC-Tel,Inc.",RadioAndTelevisionBroadcastingAndCommunicationsEquipment,PCTI
31,n/a,UnitedStates,$2.02B,"PDCEnergy,Inc.",Oil&GasProduction,PDCE
32,2001,UnitedStates,$396.28M,"PDFSolutions,Inc.",EDPServices,PDFS
33,1992,UnitedStates,$355.93M,"PDLBioPharma,Inc.",Biotechnology:BiologicalProducts(NoDiagnosticSubstances),PDLI
34,2017,UnitedStates,$253.37M,PDLCommunityBancorp,SavingsInstitutions,PDLB
35,2015,UnitedStates,$36.29M,PDSBiotechnologyCorporation,MajorPharmaceuticals,PDSB
36,2015,UnitedStates,$708.63M,"pdvWireless,Inc.",TelecommunicationsEquipment,PDVW
37,2017,UnitedStates,$2.53B,PeabodyEnergyCorporation,CoalMining,BTU
38,2014,UnitedStates,$61.57M,"PeakResorts,Inc.",Hotels/Resorts,SKIS
39,n/a,UnitedStates,$533.8M,Peapack-GladstoneFinancialCorporation,CommercialBanks,PGC
40,n/a,UnitedKingdom,$7.8B,"Pearson,Plc",Books,PSO
41,2009,UnitedStates,$3.67B,PebblebrookHotelTrust,RealEstateInvestmentTrusts,PEB
42,n/a,UnitedStates,n/a,PebblebrookHotelTrust,n/a,PEB^C
43,n/a,UnitedStates,n/a,PebblebrookHotelTrust,n/a,PEB^D
44,n/a,UnitedStates,n/a,PebblebrookHotelTrust,n/a,PEB^E
45,n/a,UnitedStates,n/a,PebblebrookHotelTrust,n/a,PEB^F
46,n/a,UnitedStates,$103.76M,PedevcoCorp.,Oil&GasProduction,PED
47,1996,UnitedStates,$5.78B,PegasystemsInc.,EDPServices,PEGA
48,n/a,Canada,$18.21B,PembinaPipelineCorp.,Oil&GasProduction,PBA
49,1994,UnitedStates,$2.31B,"PennNationalGaming,Inc.",Hotels/Resorts,PENN
50,n/a,UnitedStates,$474.32M,PennVirginiaCorporation,Oil&GasProduction,PVAC
51,n/a,UnitedStates,$462.94M,PennantParkFloatingRateCapitalLtd.,n/a,PFLT
52,2007,UnitedStates,$441.83M,PennantParkInvestmentCorporation,n/a,PNNT
53,n/a,UnitedStates,$197.97M,"PennsWoodsBancorp,Inc.",MajorBanks,PWOD
54,n/a,UnitedStates,$513.05M,PennsylvaniaRealEstateInvestmentTrust,RealEstateInvestmentTrusts,PEI
55,n/a,UnitedStates,n/a,PennsylvaniaRealEstateInvestmentTrust,n/a,PEI^B
56,n/a,UnitedStates,n/a,PennsylvaniaRealEstateInvestmentTrust,n/a,PEI^C
57,n/a,UnitedStates,n/a,PennsylvaniaRealEstateInvestmentTrust,n/a,PEI^D
58,2013,UnitedStates,$1.7B,"PennyMacFinancialServices,Inc.",Finance:ConsumerServices,PFSI
59,2009,UnitedStates,$1.6B,PennyMacMortgageInvestmentTrust,RealEstateInvestmentTrusts,PMT
60,n/a,UnitedStates,n/a,PennyMacMortgageInvestmentTrust,n/a,PMT^A
61,n/a,UnitedStates,n/a,PennyMacMortgageInvestmentTrust,n/a,PMT^B
62,2017,UnitedStates,$372.41M,PensareAcquisitionCorp.,BusinessServices,WRLS
63,2017,UnitedStates,n/a,PensareAcquisitionCorp.,BusinessServices,WRLSR
64,2017,UnitedStates,n/a,PensareAcquisitionCorp.,BusinessServices,WRLSU
65,2017,UnitedStates,n/a,PensareAcquisitionCorp.,BusinessServices,WRLSW
66,n/a,UnitedStates,$3.7B,"PenskeAutomotiveGroup,Inc.",AutomotiveAftermarket,PAG
67,n/a,Switzerland,$6.1B,Pentairplc.,IndustrialMachinery/Components,PNR
68,2015,n/a,$5.08B,"Penumbra,Inc.",Medical/DentalInstruments,PEN
69,n/a,UnitedStates,$647.47M,PeoplesBancorpInc.,MajorBanks,PEBO
70,n/a,UnitedStates,$163.66M,"PeoplesBancorpofNorthCarolina,Inc.",MajorBanks,PEBK
71,n/a,UnitedStates,$321.78M,PeoplesFinancialServicesCorp.,MajorBanks,PFIS
72,n/a,UnitedStates,$6.2B,"People'sUnitedFinancial,Inc.",SavingsInstitutions,PBCT
73,n/a,UnitedStates,$262.6M,"People'sUnitedFinancial,Inc.",SavingsInstitutions,PBCTP
74,2015,UnitedStates,$548.44M,People'sUtahBancorp,MajorBanks,PUB
75,n/a,Japan,$355.05M,"PepperFoodServiceCo.,Ltd.",Restaurants,KPFS
76,n/a,UnitedStates,$180.29B,"Pepsico,Inc.",Beverages(Production/Distribution),PEP
77,1992,UnitedStates,$41.47M,"Perceptron,Inc.",ElectronicComponents,PRCP
78,1999,UnitedStates,$1.03B,"Perficient,Inc.",EDPServices,PRFT
79,2015,UnitedStates,$4.16B,PerformanceFoodGroupCompany,FoodDistributors,PFGC
80,n/a,Greece,$28.09M,PerformanceShippingInc.,MarineTransportation,DCIX
81,2012,UnitedStates,$89.29M,PerformantFinancialCorporation,OtherConsumerServices,PFMT
82,n/a,Israel,$80.89M,PerionNetworkLtd,EDPServices,PERI
83,n/a,UnitedStates,$9.53B,"PerkinElmer,Inc.",Biotechnology:LaboratoryAnalyticalInstruments,PKI
84,n/a,UnitedStates,$49.78M,"Perma-FixEnvironmentalServices,Inc.",EnvironmentalServices,PESI
85,n/a,UnitedStates,$71.4M,"Perma-PipeInternationalHoldings,Inc.",PollutionControlEquipment,PPIH
86,n/a,UnitedStates,$267.53M,PermianBasinRoyaltyTrust,Oil&GasProduction,PBT
87,2011,UnitedStates,$90.75M,PermianvilleRoyaltyTrust,Oil&GasProduction,PVL
88,2018,UnitedStates,$108.52M,PermRockRoyaltyTrust,Oil&GasProduction,PRT
89,n/a,UnitedStates,$5.86B,PerrigoCompany,MajorPharmaceuticals,PRGO
90,2018,n/a,$3.54B,PerspectaInc.,EDPServices,PRSP
91,2017,UnitedStates,$590.57M,"PetIQ,Inc.",OtherPharmaceuticals,PETQ
92,n/a,UnitedStates,$359.57M,"PetMedExpress,Inc.",Medical/NursingServices,PETS
93,n/a,China,$102.8B,PetroChinaCompanyLimited,Oil&GasProduction,PTR
94,n/a,n/a,n/a,PetroleoBrasileiroS.A.-Petrobras,n/a,PBR.A
95,n/a,Brazil,$94.57B,PetroleoBrasileiroS.A.-Petrobras,Oil&GasProduction,PBR
96,2014,UnitedStates,$208.23M,PfenexInc.,MajorPharmaceuticals,PFNX
97,n/a,UnitedStates,$232.96B,"Pfizer,Inc.",MajorPharmaceuticals,PFE
98,1999,UnitedStates,$73.19M,"PFSweb,Inc.",BusinessServices,PFSW
99,2012,UnitedStates,$569.66M,"PGIMGlobalHighYieldFund,Inc.",n/a,GHY
100,2012,UnitedStates,$473.58M,"PGIMHighYieldBondFund,Inc.",n/a,ISD
101,2006,UnitedStates,$882.79M,"PGTInnovations,Inc.",BuildingProducts,PGTI
102,2018,UnitedStates,$320.34M,"PhaseBioPharmaceuticals,Inc.",MajorPharmaceuticals,PHAS
103,2014,UnitedStates,$1.21B,PhibroAnimalHealthCorporation,MajorPharmaceuticals,PAHC
104,n/a,UnitedStates,$123.84B,PhilipMorrisInternationalInc,Farming/Seeds/Milling,PM
105,n/a,UnitedStates,$37.22B,Phillips66,IntegratedoilCompanies,PSX
106,2013,UnitedStates,$6.01B,Phillips66PartnersLP,NaturalGasDistribution,PSXP
107,n/a,UnitedStates,$10.46M,PhioPharmaceuticalsCorp.,MajorPharmaceuticals,PHIO
108,n/a,UnitedStates,n/a,PhioPharmaceuticalsCorp.,MajorPharmaceuticals,PHIOW
109,2011,China,$262.74M,PhoenixNewMediaLimited,Broadcasting,FENG
110,1987,UnitedStates,$565.24M,"Photronics,Inc.",Semiconductors,PLAB
111,2016,Greece,$194.44M,"Phunware,Inc.",EDPServices,PHUN
112,2016,Greece,n/a,"Phunware,Inc.",EDPServices,PHUNW
113,2013,UnitedStates,$3.41B,PhysiciansRealtyTrust,RealEstateInvestmentTrusts,DOC
114,n/a,UnitedStates,$214.65M,PICOHoldingsInc.,RealEstate,PICO
115,n/a,Australia,$66.52M,PiedmontLithiumLimited,n/a,PLL
116,n/a,UnitedStates,$2.53B,"PiedmontOfficeRealtyTrust,Inc.",Buildingoperators,PDM
117,n/a,UnitedStates,$51.11M,"Pier1Imports,Inc.",HomeFurnishings,PIR
118,n/a,Germany,$216.85M,"PierisPharmaceuticals,Inc.",Biotechnology:CommercialPhysical&BiologicalResarch,PIRS
119,n/a,UnitedStates,$6.49B,Pilgrim'sPrideCorporation,Meat/Poultry/Fish,PPC
120,2001,UnitedStates,$353.51M,PIMCOCaliforniaMunicipalIncomeFund,n/a,PCQ
121,2002,UnitedStates,$295.01M,PimcoCaliforniaMunicipalIncomeFundII,n/a,PCK
122,2002,UnitedStates,$244.55M,PIMCOCaliforniaMunicipalIncomeFundIII,n/a,PZC
123,1993,UnitedStates,$130.98M,"PIMCOCommercialMortgageSecuritiesTrust,Inc.",n/a,PCM
124,2002,UnitedStates,$1.57B,PimcoCorporate&IncomeOpportunityFund,n/a,PTY
125,2001,UnitedStates,$689.57M,PimcoCorporate&IncomeStategyFund,n/a,PCN
126,2013,n/a,$3.28B,PIMCODynamicCreditandMortgageIncomeFund,n/a,PCI
127,2012,UnitedStates,$1.83B,PIMCODynamicIncomeFund,n/a,PDI
128,2019,n/a,$804M,PIMCOEnergyandTacticalCreditOpportunitiesFund,n/a,NRGX
129,2005,UnitedStates,$131.44M,PimcoGlobalStocksplus&IncomeFund,n/a,PGP
130,2003,UnitedStates,$1.02B,PimcoHighIncomeFund,n/a,PHK
131,n/a,UnitedStates,$422.54M,PimcoIncomeOpportunityFund,n/a,PKO
132,2003,UnitedStates,$312.49M,PIMCOIncomeStrategyFund,n/a,PFL
133,2004,UnitedStates,$648.02M,PIMCOIncomeStrategyFundII,n/a,PFN
134,2001,UnitedStates,$379.99M,PIMCOMunicipalIncomeFund,n/a,PMF
135,2002,UnitedStates,$937.97M,PimcoMunicipalIncomeFundII,n/a,PML
136,2002,UnitedStates,$405.14M,PIMCOMunicipalIncomeFundIII,n/a,PMX
137,2001,UnitedStates,$104.95M,PIMCONewYorkMunicipalIncomeFund,n/a,PNF
138,2002,UnitedStates,$129.54M,PimcoNewYorkMunicipalIncomeFundII,n/a,PNI
139,2002,UnitedStates,$56.26M,PIMCONewYorkMunicipalIncomeFundIII,n/a,PYN
140,1994,UnitedStates,$408.14M,"PIMCOStrategicIncomeFund,Inc.",n/a,RCS
141,2018,China,$21.89B,PinduoduoInc.,BusinessServices,PDD
142,n/a,China,$178.66M,PingtanMarineEnterpriseLtd.,n/a,PME
143,n/a,UnitedStates,$4.13B,"PinnacleFinancialPartners,Inc.",MajorBanks,PNFP
144,n/a,UnitedStates,$10.44B,PinnacleWestCapitalCorporation,ElectricUtilities:Central,PNW
145,2018,China,$31.86M,PintecTechnologyHoldingsLimited,"ComputerSoftware:Programming,DataProcessing",PT
146,2019,n/a,$13.84B,"Pinterest,Inc.","ComputerSoftware:Programming,DataProcessing",PINS
147,2007,UnitedStates,$119.08M,PioneerDiversifiedHighIncomeTrust,n/a,HNW
148,n/a,UnitedStates,$25.91M,PioneerEnergyServicesCorp.,Oil&GasProduction,PES
149,2004,UnitedStates,$261.73M,PioneerFloatingRateTrust,n/a,PHD
150,n/a,UnitedStates,$266.01M,PioneerHighIncomeTrust,n/a,PHT
151,n/a,UnitedStates,$256.68M,PioneerMunicipalHighIncomeAdvantageTrust,n/a,MAV
152,2003,n/a,$272.8M,PioneerMunicipalHighIncomeTrust,n/a,MHI
153,n/a,UnitedStates,$24.33B,PioneerNaturalResourcesCompany,Oil&GasProduction,PXD
154,n/a,UnitedStates,$44.07M,"PioneerPowerSolutions,Inc.",ElectricalProducts,PPSI
155,n/a,UnitedStates,$1.03B,PiperJaffrayCompanies,InvestmentBankers/Brokers/Service,PJC
156,n/a,UnitedStates,$722.9M,PitneyBowesInc.,OfficeEquipment/Supplies/Services,PBI
157,n/a,UnitedStates,n/a,PitneyBowesInc.,n/a,PBI^B
158,2019,n/a,$293.25M,PivotalAcquisitionCorp.,BusinessServices,PVT
159,2019,n/a,n/a,PivotalAcquisitionCorp.,n/a,PVT.U
160,n/a,n/a,n/a,PivotalAcquisitionCorp.,n/a,PVT.WS
161,2018,UnitedStates,$5.82B,"PivotalSoftware,Inc.",ComputerSoftware:PrepackagedSoftware,PVTL
162,2000,UnitedStates,$111.88M,"Pixelworks,Inc.",Semiconductors,PXLW
163,2015,UnitedStates,$907.72M,PJTPartnersInc.,InvestmentManagers,PJT
164,1998,UnitedStates,$16.59B,"PlainsAllAmericanPipeline,L.P.",NaturalGasDistribution,PAA
165,2013,n/a,$3.63B,"PlainsGroupHoldings,L.P.",NaturalGasDistribution,PAGP
166,2015,UnitedStates,$7.03B,"PlanetFitness,Inc.",Hotels/Resorts,PLNT
167,n/a,China,$29.93M,PlanetGreenHoldingsCorp,PackagedFoods,PLAG
168,1994,UnitedStates,$1.73B,"Plantronics,Inc.",TelecommunicationsEquipment,PLT
169,n/a,Canada,$43.86M,PlatinumGroupMetalsLtd.,PreciousMetals,PLG
170,n/a,Netherlands,$1.06B,PlayaHotels&ResortsN.V.,Hotels/Resorts,PLYA
171,2018,UnitedStates,$673.87M,"PlayAGS,Inc.",Miscellaneousmanufacturingindustries,AGS
172,n/a,Philippines,$5.33B,PLDTInc.,TelecommunicationsEquipment,PHI
173,n/a,UnitedStates,$1.56B,PlexusCorp.,ElectricalProducts,PLXS
174,1999,UnitedStates,$642.99M,"PlugPower,Inc.",IndustrialMachinery/Components,PLUG
175,n/a,UnitedStates,$127.55M,PlumasBancorp,FinanceCompanies,PLBC
176,2018,UnitedStates,$3.2B,"Pluralsight,Inc.","ComputerSoftware:Programming,DataProcessing",PS
177,n/a,Israel,$96.96M,"PluristemTherapeutics,Inc.",Biotechnology:BiologicalProducts(NoDiagnosticSubstances),PSTI
178,2014,UnitedStates,$43.99M,PLxPharmaInc.,MajorPharmaceuticals,PLXP
179,n/a,UnitedStates,n/a,"PlymouthIndustrialREIT,Inc.",n/a,PLYM^A
180,2017,UnitedStates,$93.5M,"PlymouthIndustrialREIT,Inc.",RealEstateInvestmentTrusts,PLYM
181,n/a,UnitedStates,$58.06B,"PNCFinancialServicesGroup,Inc.(The)",MajorBanks,PNC
182,n/a,UnitedStates,n/a,"PNCFinancialServicesGroup,Inc.(The)",n/a,PNC^P
183,n/a,UnitedStates,n/a,"PNCFinancialServicesGroup,Inc.(The)",n/a,PNC^Q
184,n/a,UnitedStates,$3.69B,"PNMResources,Inc.(HoldingCo.)",ElectricUtilities:Central,PNM
185,n/a,Israel,$115.39M,PointerTelocationLtd.,RadioAndTelevisionBroadcastingAndCommunicationsEquipment,PNTR
186,n/a,Canada,$174.89M,"PointsInternational,Ltd.",BusinessServices,PCOM
187,2016,UnitedStates,$42.6M,"PolarPower,Inc.",IndustrialMachinery/Components,POLA
188,n/a,UnitedStates,$5.21B,PolarisIndustriesInc.,IndustrialSpecialties,PII
189,n/a,UnitedStates,$153.16M,"PolarityTE,Inc.",Biotechnology:BiologicalProducts(NoDiagnosticSubstances),PTE
190,n/a,n/a,n/a,PolymetMiningCorp.,n/a,PLM~$
191,n/a,Canada,$138.08M,PolymetMiningCorp.,PreciousMetals,PLM
192,n/a,UnitedStates,$1.98B,PolyOneCorporation,MajorChemicals,POL
193,1995,UnitedStates,$7.12B,PoolCorporation,IndustrialSpecialties,POOL
194,n/a,UnitedStates,$294.55M,PopeResources,EnvironmentalServices,POPE
195,n/a,UnitedStates,$5.13B,"Popular,Inc.",MajorBanks,BPOP
196,n/a,UnitedStates,n/a,"Popular,Inc.",MajorBanks,BPOPM
197,n/a,UnitedStates,$322.8M,"Popular,Inc.",MajorBanks,BPOPN
198,n/a,UnitedStates,$4.65B,PortlandGeneralElectricCompany,ElectricUtilities:Central,POR
199,n/a,UnitedStates,n/a,PortmanRidgeFinanceCorporation,n/a,KCAPL
200,n/a,UnitedStates,$99.37M,PortmanRidgeFinanceCorporation,n/a,PTMN
201,2013,UnitedStates,$2B,"PortolaPharmaceuticals,Inc.",MajorPharmaceuticals,PTLA
202,1994,SouthKorea,$15.97B,POSCO,Steel/IronOre,PKX
203,2019,UnitedStates,$56.75M,"PositivePhysiciansHoldings,Inc.",Property-CasualtyInsurers,PPHI
204,2012,UnitedStates,$7.82B,"PostHoldings,Inc.",PackagedFoods,POST
205,2019,n/a,$85M,"PostalRealtyTrust,Inc.",RealEstateInvestmentTrusts,PSTL
206,2013,UnitedStates,$117.08M,PotbellyCorporation,Restaurants,PBPB
207,n/a,UnitedStates,$2.31B,PotlatchDelticCorporation,RealEstateInvestmentTrusts,PCH
208,n/a,UnitedStates,$411.85M,"PowellIndustries,Inc.",ElectricalProducts,POWL
209,1997,UnitedStates,$1.93B,"PowerIntegrations,Inc.",Semiconductors,POWI
210,n/a,UnitedStates,n/a,PowerREIT,n/a,PW^A
211,n/a,UnitedStates,$10.79M,PowerREIT,RealEstateInvestmentTrusts,PW
212,2019,China,$34.62M,"PowerbridgeTechnologiesCo.,Ltd.",EDPServices,PBTS
213,2017,UnitedStates,$1.44B,PPDAIGroupInc.,Finance:ConsumerServices,PPDF
214,n/a,UnitedStates,$25.32B,"PPGIndustries,Inc.",Paints/Coatings,PPG
215,n/a,n/a,n/a,"PPLCapitalFunding,Inc.",ElectricUtilities:Central,PPX
216,n/a,UnitedStates,$21.57B,PPLCorporation,ElectricUtilities:Central,PPL
217,n/a,UnitedStates,n/a,PPlusTrust,Finance:ConsumerServices,PYS
218,n/a,UnitedStates,n/a,PPlusTrust,Finance:ConsumerServices,PYT
219,2017,UnitedStates,$2.08B,PQGroupHoldingsInc.,MajorChemicals,PQG
220,2002,UnitedStates,$1.27B,"PRAGroup,Inc.",Finance:ConsumerServices,PRAA
221,2014,UnitedStates,$5.73B,"PRAHealthSciences,Inc.",Biotechnology:CommercialPhysical&BiologicalResarch,PRAH
222,n/a,UnitedStates,$34.16M,"Precipio,Inc.",Biotechnology:LaboratoryAnalyticalInstruments,PRPO
223,2019,UnitedStates,$643.62M,"PrecisionBioSciences,Inc.",Biotechnology:BiologicalProducts(NoDiagnosticSubstances),DTIL
224,n/a,Canada,$534.56M,PrecisionDrillingCorporation,Oil&GasProduction,PDS
225,n/a,UnitedStates,$16.11M,PrecisionTherapeuticsInc.,IndustrialSpecialties,AIPT
226,2011,UnitedStates,$689.35M,"PreferredApartmentCommunities,Inc.",RealEstateInvestmentTrusts,APTS
227,n/a,UnitedStates,$691.51M,PreferredBank,n/a,PFBC
228,n/a,UnitedStates,$244.58M,PreformedLineProductsCompany,WaterSupply,PLPC
229,1996,UnitedStates,$230.67M,"PremierFinancialBancorp,Inc.",MajorBanks,PFBI
230,2013,UnitedStates,$2.29B,"Premier,Inc.",OtherConsumerServices,PINC
231,2017,UnitedStates,$1.12B,"Presidio,Inc.",Retail:ComputerSoftware&PeripheralEquipment,PSDO
232,2005,UnitedStates,$1.5B,PrestigeConsumerHealthcareInc.,MajorPharmaceuticals,PBH
233,n/a,Canada,$1.51B,"PretiumResources,Inc.",PreciousMetals,PVG
234,1996,UnitedStates,$155.39M,"PRGXGlobal,Inc.",DiversifiedCommercialServices,PRGX
235,n/a,UnitedStates,$1.56B,"PriceSmart,Inc.",Department/SpecialtyRetailStores,PSMT
236,n/a,UnitedStates,$275.92M,PrimeEnergyResourcesCorporation,Oil&GasProduction,PNRG
237,2010,UnitedStates,$4.92B,"Primerica,Inc.",LifeInsurance,PRI
238,2010,UnitedStates,$447.51M,PrimoWaterCorporation,FoodDistributors,PRMW
239,n/a,UnitedStates,$944.79M,PrimorisServicesCorporation,WaterSupply,PRIM
240,n/a,UnitedStates,$4.98M,PrincipalContrarianValueIndexETF,n/a,PVAL
241,2001,UnitedStates,$15.08B,PrincipalFinancialGroupInc,Accident&HealthInsurance,PFG
242,n/a,UnitedStates,$59.34M,PrincipalHealthcareInnovatorsIndexETF,n/a,BTEC
243,n/a,UnitedStates,$14.12M,PrincipalInternationalMulti-FactorIndexETF,n/a,PXUS
244,n/a,UnitedStates,$19.8M,PrincipalMillennialsIndexETF,n/a,GENY
245,n/a,UnitedStates,$14.22M,PrincipalPriceSettersIndexETF,n/a,PSET
246,2013,n/a,$129.19M,PrincipalRealEstateIncomeFund,n/a,PGZ
247,n/a,UnitedStates,$13.42M,PrincipalShareholderYieldIndexETF,n/a,PY
248,n/a,UnitedStates,$5.38M,PrincipalSustainableMomentumIndexETF,n/a,PMOM
249,n/a,UnitedStates,$1.61B,PrincipalU.S.Mega-CapMulti-FactorIndexETF,n/a,USMC
250,n/a,UnitedStates,$333.52M,PrincipalU.S.Small-CapMulti-FactorIndexETF,n/a,PSC
251,2018,UnitedStates,$715.05M,PrincipiaBiopharmaInc.,MajorPharmaceuticals,PRNB
252,n/a,n/a,n/a,"PriorityIncomeFund,Inc.",n/a,PRIF^A
253,n/a,n/a,n/a,"PriorityIncomeFund,Inc.",n/a,PRIF^B
254,n/a,n/a,n/a,"PriorityIncomeFund,Inc.",n/a,PRIF^C
255,2016,UnitedStates,$402.08M,"PriorityTechnologyHoldings,Inc.",BusinessServices,PRTH
256,n/a,UnitedStates,$2.02B,ProAssuranceCorporation,Property-CasualtyInsurers,PRA
257,n/a,UnitedStates,$264.2B,Procter&GambleCompany(The),PackageGoods/Cosmetics,PG
258,n/a,UnitedStates,$48.61M,"Pro-Dex,Inc.",Medical/DentalInstruments,PDEX
259,2013,UnitedStates,$14.56M,"ProfessionalDiversityNetwork,Inc.","ComputerSoftware:Programming,DataProcessing",IPDN
260,2019,UnitedStates,n/a,ProficientAlphaAcquisitionCorp.,BusinessServices,PAACU
261,n/a,UnitedStates,$71.46M,"ProfireEnergy,Inc.",MetalFabrications,PFIE
262,1997,UnitedStates,$358.46M,ProgenicsPharmaceuticalsInc.,MajorPharmaceuticals,PGNX
263,1991,UnitedStates,$1.89B,ProgressSoftwareCorporation,ComputerSoftware:PrepackagedSoftware,PRGS
264,n/a,UnitedStates,$46.8B,ProgressiveCorporation(The),Property-CasualtyInsurers,PGR
265,n/a,UnitedStates,$46.25B,"Prologis,Inc.",RealEstateInvestmentTrusts,PLD
266,2012,UnitedStates,$6.39B,"Proofpoint,Inc.",EDPServices,PFPT
267,2017,UnitedStates,$1.98B,ProPetroHoldingCorp.,OilfieldServices/Equipment,PUMP
268,n/a,UnitedStates,$34.22M,"ProPhaseLabs,Inc.",MajorPharmaceuticals,PRPH
269,2014,Netherlands,$484.98M,ProQRTherapeuticsN.V.,MajorPharmaceuticals,PRQR
270,2007,UnitedStates,$2.15B,"PROSHoldings,Inc.",EDPServices,PRO
271,n/a,UnitedStates,$3.86M,ProSharesEquitiesforRisingRatesETF,n/a,EQRR
272,n/a,UnitedStates,$214.8M,ProSharesUltraNasdaqBiotechnology,n/a,BIB
273,n/a,UnitedStates,$26.59M,ProsharesUltraProNasdaqBiotechnology,n/a,UBIO
274,n/a,UnitedStates,$3.41B,ProSharesUltraProQQQ,n/a,TQQQ
275,n/a,UnitedStates,$2.39B,ProSharesUltraProShortNASDAQBiotechnology,n/a,ZBIO
276,n/a,UnitedStates,$1.05B,ProSharesUltraProShortQQQ,n/a,SQQQ
277,n/a,UnitedStates,$25.51M,ProSharesUltraShortNasdaqBiotechnology,n/a,BIS
278,2015,UnitedStates,n/a,ProspectCapitalCorporation,n/a,PBB
279,2018,UnitedStates,n/a,ProspectCapitalCorporation,n/a,PBC
280,2018,UnitedStates,$1.26B,ProspectCapitalCorporation,n/a,PBY
281,2004,UnitedStates,$2.4B,ProspectCapitalCorporation,n/a,PSEC
282,n/a,UnitedStates,$4.63B,"ProsperityBancshares,Inc.",MajorBanks,PB
283,2016,UnitedStates,$247.76M,"ProtagonistTherapeutics,Inc.",MajorPharmaceuticals,PTGX
284,n/a,Israel,$55.64M,"ProtalixBioTherapeutics,Inc.",Biotechnology:BiologicalProducts(NoDiagnosticSubstances),PLX
285,n/a,UnitedStates,$233.31M,ProtectiveInsuranceCorporation,Property-CasualtyInsurers,PTVCA
286,n/a,UnitedStates,$249.77M,ProtectiveInsuranceCorporation,Property-CasualtyInsurers,PTVCB
287,2014,UnitedStates,$8.62M,"ProteonTherapeutics,Inc.",Biotechnology:BiologicalProducts(NoDiagnosticSubstances),PRTO
288,2016,UnitedStates,$52.12M,"ProteostasisTherapeutics,Inc.",MajorPharmaceuticals,PTI
289,n/a,UnitedStates,$379.11M,ProthenaCorporationplc,MajorPharmaceuticals,PRTA
290,2012,UnitedStates,$2.67B,"ProtoLabs,Inc.",MetalFabrications,PRLB
291,2018,UnitedStates,$168.13M,"ProventionBio,Inc.",MajorPharmaceuticals,PRVB
292,2015,UnitedStates,$228.13M,"ProvidentBancorp,Inc.",SavingsInstitutions,PVBC
293,n/a,UnitedStates,$151.37M,"ProvidentFinancialHoldings,Inc.",SavingsInstitutions,PROV
294,2003,UnitedStates,$1.6B,"ProvidentFinancialServices,Inc",SavingsInstitutions,PFS
295,n/a,UnitedStates,$157.9M,"PrudentialBancorp,Inc.",Banks,PBIP
296,n/a,UnitedStates,n/a,"PrudentialFinancial,Inc.",LifeInsurance,PJH
297,n/a,UnitedStates,n/a,"PrudentialFinancial,Inc.",LifeInsurance,PRH
298,2018,UnitedStates,$574.06M,"PrudentialFinancial,Inc.",LifeInsurance,PRS
299,2001,UnitedStates,$38.88B,"PrudentialFinancial,Inc.",LifeInsurance,PRU
300,n/a,UnitedKingdom,$53.14B,PrudentialPublicLimitedCompany,LifeInsurance,PUK
301,n/a,UnitedKingdom,n/a,PrudentialPublicLimitedCompany,n/a,PUK^
302,n/a,UnitedKingdom,n/a,PrudentialPublicLimitedCompany,n/a,PUK^A
303,n/a,UnitedStates,$4.39B,"PSBusinessParks,Inc.",RealEstateInvestmentTrusts,PSB
304,n/a,UnitedStates,n/a,"PSBusinessParks,Inc.",n/a,PSB^U
305,n/a,UnitedStates,n/a,"PSBusinessParks,Inc.",n/a,PSB^V
306,n/a,UnitedStates,n/a,"PSBusinessParks,Inc.",n/a,PSB^W
307,n/a,UnitedStates,n/a,"PSBusinessParks,Inc.",n/a,PSB^X
308,n/a,UnitedStates,n/a,"PSBusinessParks,Inc.",n/a,PSB^Y
309,n/a,UnitedStates,$57.44M,PsychemedicsCorporation,MedicalSpecialities,PMD
310,n/a,Indonesia,$25.85B,"PTTelekomunikasiIndonesia,Tbk",TelecommunicationsEquipment,TLK
311,n/a,UnitedStates,$9.83B,PTCInc.,ComputerSoftware:PrepackagedSoftware,PTC
312,2013,UnitedStates,$2.4B,"PTCTherapeutics,Inc.",MajorPharmaceuticals,PTCT
313,n/a,UnitedStates,$29.65B,PublicServiceEnterpriseGroupIncorporated,PowerGeneration,PEG
314,n/a,UnitedStates,$40.71B,PublicStorage,RealEstateInvestmentTrusts,PSA
315,n/a,UnitedStates,n/a,PublicStorage,n/a,PSA^A
316,n/a,UnitedStates,n/a,PublicStorage,RealEstateInvestmentTrusts,PSA^B
317,n/a,UnitedStates,n/a,PublicStorage,RealEstateInvestmentTrusts,PSA^C
318,n/a,UnitedStates,n/a,PublicStorage,RealEstateInvestmentTrusts,PSA^D
319,n/a,UnitedStates,n/a,PublicStorage,RealEstateInvestmentTrusts,PSA^E
320,n/a,UnitedStates,n/a,PublicStorage,RealEstateInvestmentTrusts,PSA^F
321,n/a,UnitedStates,n/a,PublicStorage,n/a,PSA^G
322,n/a,UnitedStates,n/a,PublicStorage,n/a,PSA^H
323,n/a,UnitedStates,n/a,PublicStorage,RealEstateInvestmentTrusts,PSA^U
324,n/a,UnitedStates,n/a,PublicStorage,RealEstateInvestmentTrusts,PSA^V
325,n/a,UnitedStates,n/a,PublicStorage,n/a,PSA^W
326,n/a,UnitedStates,n/a,PublicStorage,n/a,PSA^X
327,n/a,UnitedStates,n/a,PublicStorage,n/a,PSA^Z.CL
328,2018,China,$35.28M,"PUHUIWEALTHINVESTMENTMANAGEMENTCO.,LTD.",InvestmentManagers,PHCF
329,2014,UnitedStates,$18.11M,"Pulmatrix,Inc.",MajorPharmaceuticals,PULM
330,2016,UnitedStates,$256.19M,"PulseBiosciences,Inc",Medical/DentalInstruments,PLSE
331,n/a,UnitedStates,$8.74B,"PulteGroup,Inc.",Homebuilding,PHM
332,n/a,UnitedStates,$583.05M,PumaBiotechnologyInc,MajorPharmaceuticals,PBYI
333,2018,UnitedStates,$521.64M,PureAcquisitionCorp.,BusinessServices,PACQ
334,2018,UnitedStates,n/a,PureAcquisitionCorp.,BusinessServices,PACQU
335,2018,UnitedStates,n/a,PureAcquisitionCorp.,BusinessServices,PACQW
336,n/a,UnitedStates,$225.16M,PureCycleCorporation,WaterSupply,PCYO
337,2015,n/a,$4.5B,"PureStorage,Inc.",ElectronicComponents,PSTG
338,2015,UnitedStates,$365.32M,"PurpleInnovation,Inc.",HomeFurnishings,PRPL
339,1989,UnitedStates,$379.07M,PutnamManagedMunicipalIncomeTrust,n/a,PMM
340,1988,UnitedStates,$235.22M,PutnamMasterIntermediateIncomeTrust,n/a,PIM
341,1993,UnitedStates,$425.9M,PutnamMunicipalOpportunitiesTrust,n/a,PMO
342,1988,UnitedStates,$535.73M,PutnamPremierIncomeTrust,n/a,PPT
343,2018,n/a,$510.81M,PuxinLimited,OtherConsumerServices,NEW
344,2019,China,$371.54M,PuyiInc.,InvestmentManagers,PUYI
345,n/a,UnitedStates,$249.22M,PVHCorp.,Apparel,PVH
346,n/a,Greece,$22.32M,PyxisTankersInc.,MarineTransportation,PXS
347,n/a,UnitedStates,$172.27M,"PyxusInternational,Inc.",Farming/Seeds/Milling,PYX
348,2007,UnitedStates,$648.19M,PzenaInvestmentManagementInc,InvestmentManagers,PZN
349,n/a,UnitedStates,$25.99M,"P&FIndustries,Inc.",IndustrialMachinery/Components,PFIN
350,1986,UnitedStates,$338.74M,"P.A.M.TransportationServices,Inc.",TruckingFreight/CourierServices,PTSI
351,n/a,UnitedStates,$23.6B,PACCARInc.,AutoManufacturing,PCAR
352,n/a,UnitedStates,$2.31M,PacerCashCowsFundofFundsETF,n/a,HERD
353,n/a,UnitedStates,$2.37M,PacerEmergingMarketsCashCows100ETF,n/a,ECOW
354,n/a,UnitedStates,$2.8M,PacerMilitaryTimesBestEmployersETF,n/a,VETS
355,2010,UnitedStates,$1.04B,"PacificBiosciencesofCalifornia,Inc.",Biotechnology:LaboratoryAnalyticalInstruments,PACB
356,2018,UnitedStates,$269.41M,PacificCityFinancialCorporation,MajorBanks,PCB
357,2012,UnitedStates,$84.11M,PacificCoastOilTrust,Oil&GasProduction,ROYT
358,2018,Luxembourg,$1.02B,PacificDrillingS.A.,Oil&GasProduction,PACD
359,n/a,UnitedStates,$51.86M,"PacificEthanol,Inc.",MajorChemicals,PEIX
360,n/a,UnitedStates,n/a,PacificGas&ElectricCo.,n/a,PCG^A
361,n/a,UnitedStates,n/a,PacificGas&ElectricCo.,n/a,PCG^B
362,n/a,UnitedStates,n/a,PacificGas&ElectricCo.,n/a,PCG^C
363,n/a,UnitedStates,n/a,PacificGas&ElectricCo.,n/a,PCG^D
364,n/a,UnitedStates,n/a,PacificGas&ElectricCo.,n/a,PCG^E
365,n/a,UnitedStates,n/a,PacificGas&ElectricCo.,n/a,PCG^G
366,n/a,UnitedStates,n/a,PacificGas&ElectricCo.,n/a,PCG^H
367,n/a,UnitedStates,n/a,PacificGas&ElectricCo.,n/a,PCG^I
368,n/a,UnitedStates,$9.41B,PacificGas&ElectricCo.,PowerGeneration,PCG
369,2000,UnitedStates,$173.06M,PacificMercantileBancorp,MajorBanks,PMBC
370,n/a,UnitedStates,$1.8B,PacificPremierBancorpInc,MajorBanks,PPBI
371,2011,UnitedStates,$1.84B,"PaciraBioSciences,Inc.",MajorPharmaceuticals,PCRX
372,2000,UnitedStates,$8.45B,PackagingCorporationofAmerica,Containers/Packaging,PKG
373,n/a,UnitedStates,$4.44B,PacWestBancorp,MajorBanks,PACW
374,2019,n/a,$3.81B,"PagerDuty,Inc.",ComputerSoftware:PrepackagedSoftware,PD
375,2018,CaymanIslands,$10.75B,PagSeguroDigitalLtd.,EDPServices,PAGS
376,n/a,UnitedStates,$266.01M,"PalatinTechnologies,Inc.",MajorPharmaceuticals,PTN
377,2012,UnitedStates,$19.39B,"PaloAltoNetworks,Inc.",Computerperipheralequipment,PANW
378,2019,UnitedStates,$556.21M,"PalomarHoldings,Inc.",Property-CasualtyInsurers,PLMR
379,n/a,Argentina,$1.9B,PampaEnergiaS.A.,ElectricUtilities:Central,PAM
380,n/a,Canada,$1.61B,PanAmericanSilverCorp.,PreciousMetals,PAAS
381,2013,UnitedStates,$160.2M,PangaeaLogisticsSolutionsLtd.,MarineTransportation,PANL
382,n/a,UnitedStates,$224.17M,PanhandleRoyaltyCompany,Oil&GasProduction,PHX
383,1993,UnitedStates,$1.52B,"PapaJohn'sInternational,Inc.",Restaurants,PZZA
384,n/a,UnitedStates,$948.89M,"ParPacificHoldings,Inc.",Oil&GasProduction,PARR
385,n/a,UnitedStates,$462.23M,PARTechnologyCorporation,OfficeEquipment/Supplies/Services,PAR
386,2015,UnitedStates,$19.49M,ParamountGoldNevadaCorp.,PreciousMetals,PZG
387,2014,UnitedStates,$3.33B,"ParamountGroup,Inc.",RealEstateInvestmentTrusts,PGRE
388,n/a,UnitedStates,$126.42M,"ParatekPharmaceuticals,Inc.",MajorPharmaceuticals,PRTK
389,n/a,UnitedStates,$463.65M,PareteumCorporation,EDPServices,TEUM
390,n/a,UnitedStates,$48.76M,ParingaResourcesLimited,n/a,PNRL
391,n/a,UnitedStates,$107.5M,"ParkCityGroup,Inc.",EDPServices,PCYG
392,n/a,UnitedStates,$316.6M,ParkElectrochemicalCorporation,ElectricalProducts,PKE
393,2016,UnitedStates,$5.65B,ParkHotels&ResortsInc.,Hotels/Resorts,PK
394,n/a,UnitedStates,$1.6B,ParkNationalCorporation,MajorBanks,PRK
395,n/a,UnitedStates,$218.21M,"ParkeBancorp,Inc.",MajorBanks,PKBK
396,2019,UnitedStates,$285.85M,ParkerDrillingCompany,Oil&GasProduction,PKD
397,n/a,UnitedStates,$20.16B,Parker-HannifinCorporation,MetalFabrications,PH
398,n/a,UnitedStates,$412.44M,Park-OhioHoldingsCorp.,IndustrialSpecialties,PKOH
